,ds,y,trajet_trajet_personnel,trajet_trajet_professionel,age_21_ans_et_moins,condition_atmospheriques_Normale,type_collision_Deux véhicules – par l’arrière,type_collision_Deux véhicules - frontale,sens_circulation_chaussées_séparées,infrastructure_Oui
0,2019-01-01,97.0,160.0,15.0,72.0,182.0,26.0,43.0,70.0,38.0
1,2019-01-02,172.0,147.0,129.0,83.0,204.0,44.0,62.0,38.0,89.0
2,2019-01-03,121.0,99.0,89.0,62.0,212.0,54.0,32.0,43.0,46.0
3,2019-01-04,117.0,100.0,101.0,51.0,293.0,49.0,30.0,46.0,55.0
4,2019-01-05,123.0,201.0,22.0,62.0,296.0,25.0,43.0,22.0,30.0
5,2019-01-06,162.0,247.0,58.0,106.0,379.0,63.0,43.0,63.0,51.0
6,2019-01-07,160.0,165.0,118.0,89.0,410.0,69.0,47.0,70.0,65.0
7,2019-01-08,115.0,143.0,92.0,69.0,325.0,46.0,44.0,47.0,43.0
8,2019-01-09,101.0,199.0,24.0,77.0,267.0,34.0,49.0,37.0,55.0
9,2019-01-10,166.0,126.0,108.0,71.0,177.0,63.0,19.0,42.0,50.0
10,2019-01-11,163.0,191.0,32.0,97.0,113.0,41.0,35.0,59.0,62.0
11,2019-01-12,142.0,162.0,26.0,90.0,163.0,44.0,44.0,57.0,47.0
12,2019-01-13,100.0,144.0,35.0,57.0,128.0,39.0,32.0,39.0,63.0
13,2019-01-14,134.0,114.0,98.0,63.0,263.0,37.0,20.0,76.0,61.0
14,2019-01-15,141.0,127.0,117.0,63.0,315.0,36.0,21.0,47.0,37.0
15,2019-01-16,138.0,117.0,104.0,57.0,295.0,36.0,24.0,47.0,54.0
16,2019-01-17,141.0,103.0,113.0,53.0,206.0,53.0,15.0,54.0,55.0
17,2019-01-18,189.0,174.0,139.0,107.0,381.0,46.0,57.0,60.0,86.0
18,2019-01-19,133.0,179.0,44.0,90.0,229.0,40.0,28.0,71.0,76.0
19,2019-01-20,75.0,128.0,26.0,49.0,136.0,33.0,25.0,22.0,41.0
20,2019-01-21,145.0,95.0,104.0,59.0,274.0,74.0,19.0,45.0,62.0
21,2019-01-22,116.0,91.0,79.0,48.0,115.0,27.0,37.0,41.0,33.0
22,2019-01-23,110.0,87.0,85.0,68.0,133.0,20.0,37.0,30.0,47.0
23,2019-01-24,118.0,106.0,92.0,59.0,221.0,34.0,29.0,51.0,42.0
24,2019-01-25,151.0,115.0,103.0,68.0,197.0,54.0,51.0,65.0,98.0
25,2019-01-26,135.0,193.0,37.0,59.0,155.0,62.0,35.0,57.0,68.0
26,2019-01-27,99.0,122.0,21.0,52.0,93.0,27.0,32.0,57.0,43.0
27,2019-01-28,119.0,87.0,93.0,47.0,206.0,27.0,27.0,35.0,72.0
28,2019-01-29,135.0,88.0,78.0,51.0,164.0,36.0,30.0,51.0,62.0
29,2019-01-30,136.0,119.0,91.0,55.0,171.0,32.0,36.0,60.0,67.0
30,2019-01-31,133.0,101.0,103.0,50.0,156.0,25.0,16.0,47.0,68.0
31,2019-02-01,87.0,104.0,40.0,46.0,213.0,20.0,27.0,27.0,52.0
32,2019-02-02,123.0,161.0,37.0,47.0,106.0,33.0,35.0,57.0,47.0
33,2019-02-03,101.0,155.0,23.0,70.0,210.0,25.0,38.0,43.0,63.0
34,2019-02-04,160.0,119.0,127.0,70.0,245.0,54.0,37.0,73.0,79.0
35,2019-02-05,157.0,119.0,133.0,64.0,312.0,44.0,21.0,69.0,73.0
36,2019-02-06,133.0,243.0,25.0,86.0,360.0,30.0,65.0,58.0,68.0
37,2019-02-07,195.0,145.0,173.0,84.0,449.0,65.0,44.0,57.0,98.0
38,2019-02-08,154.0,219.0,98.0,94.0,426.0,66.0,59.0,74.0,65.0
39,2019-02-09,145.0,129.0,82.0,68.0,327.0,43.0,36.0,39.0,37.0
40,2019-02-10,173.0,131.0,132.0,98.0,326.0,47.0,46.0,53.0,62.0
41,2019-02-11,165.0,203.0,49.0,97.0,147.0,32.0,50.0,57.0,53.0
42,2019-02-12,178.0,111.0,130.0,52.0,349.0,70.0,36.0,62.0,74.0
43,2019-02-13,139.0,123.0,100.0,82.0,318.0,44.0,24.0,55.0,64.0
44,2019-02-14,148.0,136.0,102.0,78.0,340.0,51.0,49.0,48.0,60.0
45,2019-02-15,189.0,217.0,111.0,79.0,443.0,52.0,42.0,87.0,70.0
46,2019-02-16,134.0,250.0,46.0,96.0,382.0,61.0,32.0,61.0,72.0
47,2019-02-17,115.0,216.0,23.0,76.0,297.0,33.0,29.0,70.0,48.0
48,2019-02-18,131.0,113.0,89.0,55.0,287.0,52.0,16.0,70.0,55.0
49,2019-02-19,112.0,88.0,92.0,49.0,282.0,38.0,12.0,38.0,55.0
50,2019-02-20,105.0,104.0,94.0,50.0,267.0,37.0,32.0,34.0,44.0
51,2019-02-21,139.0,114.0,106.0,47.0,300.0,48.0,21.0,59.0,63.0
52,2019-02-22,148.0,176.0,87.0,71.0,366.0,50.0,38.0,60.0,62.0
53,2019-02-23,130.0,226.0,21.0,68.0,323.0,44.0,60.0,37.0,48.0
54,2019-02-24,108.0,176.0,19.0,59.0,256.0,38.0,27.0,52.0,62.0
55,2019-02-25,151.0,142.0,113.0,80.0,346.0,49.0,30.0,37.0,71.0
56,2019-02-26,145.0,145.0,110.0,64.0,338.0,57.0,32.0,52.0,75.0
57,2019-02-27,120.0,109.0,96.0,39.0,301.0,35.0,23.0,52.0,68.0
58,2019-02-28,129.0,116.0,81.0,63.0,262.0,29.0,21.0,44.0,46.0
59,2019-03-01,87.0,115.0,69.0,44.0,207.0,31.0,15.0,65.0,19.0
60,2019-03-02,93.0,142.0,19.0,51.0,199.0,54.0,18.0,57.0,38.0
61,2019-03-03,105.0,158.0,18.0,62.0,203.0,25.0,12.0,33.0,34.0
62,2019-03-04,137.0,127.0,90.0,73.0,189.0,51.0,48.0,56.0,73.0
63,2019-03-05,127.0,140.0,78.0,56.0,245.0,69.0,25.0,49.0,59.0
64,2019-03-06,134.0,111.0,114.0,65.0,273.0,45.0,24.0,66.0,54.0
65,2019-03-07,197.0,173.0,113.0,99.0,440.0,80.0,48.0,95.0,90.0
66,2019-03-08,102.0,200.0,39.0,71.0,300.0,46.0,34.0,44.0,44.0
67,2019-03-09,154.0,120.0,109.0,59.0,349.0,46.0,55.0,54.0,51.0
68,2019-03-10,142.0,114.0,107.0,66.0,354.0,40.0,33.0,53.0,72.0
69,2019-03-11,136.0,183.0,19.0,81.0,86.0,63.0,35.0,92.0,82.0
70,2019-03-12,182.0,143.0,152.0,77.0,357.0,73.0,43.0,83.0,85.0
71,2019-03-13,127.0,124.0,95.0,50.0,220.0,37.0,23.0,45.0,54.0
72,2019-03-14,134.0,114.0,101.0,65.0,127.0,26.0,23.0,38.0,72.0
73,2019-03-15,146.0,143.0,101.0,78.0,256.0,39.0,52.0,43.0,61.0
74,2019-03-16,143.0,196.0,28.0,80.0,327.0,50.0,26.0,46.0,62.0
75,2019-03-17,113.0,159.0,19.0,70.0,196.0,34.0,37.0,73.0,41.0
76,2019-03-18,144.0,106.0,129.0,62.0,295.0,61.0,19.0,51.0,54.0
77,2019-03-19,140.0,90.0,118.0,50.0,313.0,52.0,42.0,72.0,61.0
78,2019-03-20,126.0,112.0,91.0,54.0,302.0,41.0,31.0,42.0,52.0
79,2019-03-21,155.0,132.0,123.0,66.0,373.0,56.0,36.0,73.0,51.0
80,2019-03-22,188.0,216.0,123.0,103.0,434.0,73.0,39.0,76.0,90.0
81,2019-03-23,167.0,257.0,49.0,112.0,387.0,58.0,61.0,75.0,50.0
82,2019-03-24,119.0,194.0,16.0,55.0,271.0,29.0,48.0,43.0,39.0
83,2019-03-25,142.0,102.0,118.0,57.0,307.0,38.0,40.0,31.0,49.0
84,2019-03-26,142.0,132.0,126.0,68.0,362.0,37.0,40.0,52.0,41.0
85,2019-03-27,158.0,147.0,110.0,78.0,382.0,59.0,29.0,73.0,76.0
86,2019-03-28,139.0,107.0,132.0,67.0,358.0,48.0,30.0,68.0,66.0
87,2019-03-29,169.0,175.0,95.0,103.0,430.0,67.0,43.0,86.0,75.0
88,2019-03-30,149.0,227.0,41.0,81.0,370.0,67.0,36.0,53.0,79.0
89,2019-03-31,155.0,302.0,27.0,98.0,418.0,62.0,53.0,50.0,64.0
90,2019-04-01,118.0,129.0,66.0,59.0,268.0,36.0,38.0,50.0,43.0
91,2019-04-02,116.0,104.0,104.0,41.0,211.0,38.0,22.0,49.0,47.0
92,2019-04-03,115.0,100.0,66.0,53.0,127.0,57.0,15.0,45.0,48.0
93,2019-04-04,165.0,139.0,162.0,78.0,364.0,57.0,32.0,62.0,87.0
94,2019-04-05,114.0,153.0,44.0,55.0,145.0,22.0,30.0,38.0,46.0
95,2019-04-06,151.0,150.0,83.0,89.0,302.0,53.0,21.0,41.0,40.0
96,2019-04-07,193.0,192.0,147.0,114.0,479.0,75.0,52.0,58.0,91.0
97,2019-04-08,115.0,232.0,16.0,62.0,296.0,31.0,43.0,41.0,40.0
98,2019-04-09,151.0,105.0,129.0,66.0,357.0,38.0,38.0,56.0,50.0
99,2019-04-10,178.0,169.0,108.0,93.0,315.0,63.0,52.0,56.0,90.0
100,2019-04-11,185.0,135.0,148.0,79.0,236.0,57.0,40.0,104.0,104.0
101,2019-04-12,183.0,149.0,125.0,89.0,369.0,44.0,72.0,63.0,88.0
102,2019-04-13,159.0,248.0,38.0,95.0,396.0,26.0,81.0,56.0,58.0
103,2019-04-14,123.0,205.0,31.0,80.0,291.0,56.0,24.0,43.0,59.0
104,2019-04-15,119.0,82.0,98.0,53.0,268.0,45.0,19.0,60.0,56.0
105,2019-04-16,142.0,118.0,102.0,78.0,248.0,37.0,24.0,40.0,53.0
106,2019-04-17,144.0,139.0,104.0,65.0,361.0,42.0,18.0,25.0,69.0
107,2019-04-18,170.0,145.0,105.0,74.0,375.0,65.0,41.0,68.0,36.0
108,2019-04-19,180.0,213.0,114.0,87.0,439.0,74.0,43.0,47.0,80.0
109,2019-04-20,154.0,252.0,39.0,107.0,381.0,45.0,60.0,61.0,61.0
110,2019-04-21,95.0,189.0,16.0,64.0,245.0,33.0,25.0,49.0,46.0
111,2019-04-22,111.0,193.0,27.0,72.0,268.0,30.0,31.0,44.0,51.0
112,2019-04-23,133.0,112.0,82.0,66.0,238.0,31.0,17.0,49.0,45.0
113,2019-04-24,118.0,105.0,97.0,58.0,183.0,41.0,21.0,50.0,42.0
114,2019-04-25,124.0,107.0,103.0,65.0,176.0,56.0,44.0,47.0,47.0
115,2019-04-26,165.0,160.0,118.0,91.0,322.0,50.0,44.0,80.0,56.0
116,2019-04-27,122.0,143.0,35.0,74.0,171.0,48.0,23.0,51.0,47.0
117,2019-04-28,108.0,182.0,19.0,55.0,157.0,34.0,31.0,22.0,32.0
118,2019-04-29,120.0,108.0,83.0,65.0,271.0,61.0,20.0,51.0,56.0
119,2019-04-30,150.0,132.0,106.0,63.0,351.0,65.0,26.0,53.0,77.0
120,2019-05-01,109.0,155.0,41.0,75.0,209.0,36.0,31.0,68.0,78.0
121,2019-05-02,116.0,105.0,76.0,45.0,221.0,48.0,36.0,53.0,65.0
122,2019-05-03,117.0,97.0,92.0,61.0,228.0,36.0,26.0,41.0,60.0
123,2019-05-04,165.0,167.0,109.0,79.0,387.0,76.0,34.0,86.0,62.0
124,2019-05-05,100.0,150.0,29.0,58.0,235.0,30.0,18.0,59.0,52.0
125,2019-05-06,162.0,139.0,107.0,84.0,222.0,40.0,52.0,52.0,61.0
126,2019-05-07,214.0,194.0,141.0,102.0,484.0,60.0,57.0,54.0,66.0
127,2019-05-08,124.0,167.0,85.0,76.0,322.0,64.0,36.0,79.0,48.0
128,2019-05-09,151.0,115.0,98.0,70.0,349.0,59.0,35.0,63.0,70.0
129,2019-05-10,179.0,243.0,40.0,102.0,282.0,71.0,51.0,63.0,74.0
130,2019-05-11,174.0,148.0,134.0,79.0,241.0,54.0,19.0,52.0,79.0
131,2019-05-12,161.0,103.0,124.0,70.0,247.0,34.0,32.0,47.0,76.0
132,2019-05-13,176.0,162.0,123.0,81.0,396.0,71.0,49.0,55.0,63.0
133,2019-05-14,176.0,122.0,136.0,72.0,396.0,79.0,48.0,81.0,62.0
134,2019-05-15,156.0,130.0,127.0,75.0,357.0,75.0,35.0,48.0,67.0
135,2019-05-16,135.0,104.0,113.0,67.0,313.0,53.0,44.0,62.0,60.0
136,2019-05-17,141.0,160.0,80.0,80.0,255.0,53.0,49.0,34.0,52.0
137,2019-05-18,115.0,184.0,31.0,83.0,220.0,45.0,54.0,54.0,67.0
138,2019-05-19,130.0,172.0,22.0,79.0,152.0,46.0,35.0,57.0,31.0
139,2019-05-20,124.0,110.0,85.0,56.0,244.0,65.0,39.0,57.0,58.0
140,2019-05-21,120.0,105.0,92.0,62.0,262.0,36.0,21.0,29.0,55.0
141,2019-05-22,135.0,147.0,104.0,62.0,377.0,36.0,24.0,62.0,65.0
142,2019-05-23,143.0,125.0,97.0,77.0,340.0,42.0,19.0,54.0,61.0
143,2019-05-24,175.0,156.0,117.0,72.0,389.0,68.0,38.0,84.0,78.0
144,2019-05-25,150.0,223.0,40.0,110.0,351.0,34.0,46.0,61.0,53.0
145,2019-05-26,146.0,222.0,21.0,83.0,328.0,37.0,40.0,47.0,51.0
146,2019-05-27,134.0,120.0,107.0,70.0,273.0,58.0,17.0,31.0,51.0
147,2019-05-28,130.0,117.0,111.0,72.0,275.0,34.0,38.0,56.0,58.0
148,2019-05-29,157.0,159.0,115.0,84.0,405.0,52.0,47.0,80.0,61.0
149,2019-05-30,122.0,225.0,34.0,92.0,341.0,65.0,44.0,44.0,73.0
150,2019-05-31,159.0,196.0,85.0,77.0,386.0,61.0,46.0,40.0,47.0
151,2019-06-01,78.0,129.0,14.0,51.0,170.0,33.0,22.0,61.0,27.0
152,2019-06-02,128.0,112.0,96.0,62.0,196.0,37.0,37.0,47.0,65.0
153,2019-06-03,127.0,91.0,97.0,61.0,144.0,38.0,23.0,35.0,60.0
154,2019-06-04,135.0,204.0,39.0,81.0,258.0,35.0,37.0,57.0,81.0
155,2019-06-05,136.0,103.0,110.0,59.0,319.0,41.0,42.0,62.0,64.0
156,2019-06-06,158.0,125.0,111.0,76.0,349.0,65.0,22.0,77.0,68.0
157,2019-06-07,190.0,291.0,45.0,102.0,428.0,44.0,65.0,70.0,84.0
158,2019-06-08,123.0,130.0,67.0,60.0,242.0,46.0,30.0,42.0,65.0
159,2019-06-09,199.0,198.0,148.0,92.0,474.0,79.0,38.0,116.0,95.0
160,2019-06-10,161.0,215.0,31.0,97.0,210.0,28.0,25.0,66.0,61.0
161,2019-06-11,139.0,117.0,111.0,78.0,226.0,56.0,27.0,59.0,62.0
162,2019-06-12,197.0,173.0,125.0,98.0,230.0,77.0,36.0,84.0,93.0
163,2019-06-13,144.0,128.0,137.0,57.0,318.0,54.0,34.0,64.0,56.0
164,2019-06-14,163.0,178.0,111.0,82.0,372.0,36.0,47.0,71.0,73.0
165,2019-06-15,144.0,208.0,34.0,106.0,329.0,49.0,59.0,84.0,64.0
166,2019-06-16,172.0,333.0,20.0,115.0,417.0,53.0,60.0,71.0,49.0
167,2019-06-17,167.0,162.0,134.0,75.0,405.0,60.0,42.0,61.0,72.0
168,2019-06-18,162.0,141.0,102.0,65.0,389.0,58.0,33.0,77.0,74.0
169,2019-06-19,146.0,130.0,103.0,67.0,338.0,60.0,28.0,30.0,70.0
170,2019-06-20,164.0,143.0,105.0,82.0,324.0,70.0,43.0,67.0,56.0
171,2019-06-21,213.0,235.0,128.0,123.0,497.0,69.0,65.0,81.0,98.0
172,2019-06-22,180.0,262.0,44.0,119.0,414.0,48.0,82.0,62.0,87.0
173,2019-06-23,145.0,230.0,32.0,101.0,362.0,55.0,45.0,64.0,54.0
174,2019-06-24,153.0,172.0,141.0,78.0,385.0,66.0,55.0,58.0,61.0
175,2019-06-25,153.0,124.0,109.0,74.0,373.0,77.0,18.0,64.0,69.0
176,2019-06-26,175.0,168.0,126.0,97.0,391.0,67.0,78.0,63.0,58.0
177,2019-06-27,166.0,136.0,164.0,91.0,395.0,71.0,35.0,65.0,82.0
178,2019-06-28,220.0,230.0,123.0,113.0,483.0,104.0,71.0,69.0,90.0
179,2019-06-29,177.0,264.0,35.0,129.0,423.0,57.0,31.0,82.0,68.0
180,2019-06-30,189.0,310.0,34.0,129.0,418.0,54.0,91.0,84.0,52.0
181,2019-07-01,111.0,97.0,86.0,52.0,196.0,44.0,18.0,59.0,40.0
182,2019-07-02,174.0,146.0,140.0,68.0,312.0,66.0,30.0,71.0,79.0
183,2019-07-03,129.0,101.0,104.0,59.0,267.0,41.0,20.0,80.0,67.0
184,2019-07-04,94.0,162.0,22.0,56.0,212.0,37.0,22.0,47.0,37.0
185,2019-07-05,146.0,130.0,99.0,72.0,350.0,66.0,31.0,65.0,54.0
186,2019-07-06,163.0,208.0,109.0,89.0,320.0,63.0,41.0,80.0,56.0
187,2019-07-07,192.0,282.0,34.0,105.0,388.0,47.0,59.0,63.0,80.0
188,2019-07-08,117.0,149.0,74.0,84.0,306.0,37.0,30.0,63.0,60.0
189,2019-07-09,193.0,262.0,43.0,132.0,406.0,55.0,81.0,59.0,60.0
190,2019-07-10,154.0,127.0,114.0,76.0,291.0,56.0,31.0,53.0,78.0
191,2019-07-11,158.0,126.0,122.0,99.0,222.0,50.0,38.0,82.0,56.0
192,2019-07-12,170.0,204.0,31.0,84.0,274.0,58.0,38.0,65.0,50.0
193,2019-07-13,162.0,273.0,32.0,103.0,392.0,47.0,55.0,53.0,63.0
194,2019-07-14,129.0,239.0,28.0,100.0,358.0,77.0,41.0,48.0,51.0
195,2019-07-15,161.0,134.0,120.0,73.0,371.0,67.0,31.0,72.0,60.0
196,2019-07-16,153.0,171.0,110.0,80.0,392.0,67.0,60.0,44.0,72.0
197,2019-07-17,168.0,184.0,116.0,90.0,406.0,56.0,39.0,69.0,75.0
198,2019-07-18,134.0,131.0,96.0,61.0,323.0,39.0,48.0,41.0,55.0
199,2019-07-19,169.0,193.0,103.0,88.0,404.0,45.0,44.0,73.0,80.0
200,2019-07-20,180.0,282.0,51.0,116.0,407.0,56.0,67.0,78.0,75.0
201,2019-07-21,123.0,237.0,17.0,75.0,332.0,37.0,59.0,32.0,50.0
202,2019-07-22,102.0,98.0,89.0,50.0,274.0,47.0,24.0,49.0,34.0
203,2019-07-23,132.0,156.0,85.0,63.0,307.0,65.0,34.0,60.0,52.0
204,2019-07-24,152.0,173.0,88.0,90.0,367.0,62.0,43.0,33.0,48.0
205,2019-07-25,145.0,176.0,86.0,76.0,348.0,54.0,63.0,65.0,66.0
206,2019-07-26,163.0,175.0,105.0,74.0,339.0,61.0,47.0,93.0,57.0
207,2019-07-27,159.0,217.0,39.0,98.0,240.0,34.0,44.0,97.0,75.0
208,2019-07-28,92.0,157.0,17.0,69.0,207.0,24.0,22.0,18.0,31.0
209,2019-07-29,128.0,164.0,92.0,68.0,330.0,48.0,39.0,77.0,52.0
210,2019-07-30,133.0,139.0,79.0,62.0,326.0,67.0,49.0,70.0,63.0
211,2019-07-31,111.0,123.0,79.0,55.0,280.0,46.0,39.0,59.0,34.0
212,2019-08-01,134.0,107.0,102.0,57.0,225.0,44.0,20.0,50.0,49.0
213,2019-08-02,160.0,174.0,113.0,102.0,273.0,68.0,29.0,80.0,69.0
214,2019-08-03,135.0,118.0,99.0,56.0,306.0,37.0,28.0,31.0,73.0
215,2019-08-04,118.0,115.0,92.0,68.0,293.0,48.0,29.0,47.0,36.0
216,2019-08-05,129.0,176.0,24.0,58.0,77.0,19.0,42.0,43.0,48.0
217,2019-08-06,144.0,241.0,44.0,76.0,348.0,64.0,58.0,53.0,59.0
218,2019-08-07,151.0,125.0,121.0,83.0,347.0,69.0,42.0,47.0,53.0
219,2019-08-08,125.0,130.0,81.0,43.0,290.0,24.0,42.0,32.0,43.0
220,2019-08-09,126.0,210.0,26.0,63.0,295.0,61.0,43.0,48.0,34.0
221,2019-08-10,184.0,131.0,129.0,78.0,188.0,48.0,25.0,64.0,58.0
222,2019-08-11,141.0,161.0,111.0,79.0,322.0,47.0,32.0,76.0,64.0
223,2019-08-12,143.0,199.0,28.0,100.0,191.0,63.0,27.0,75.0,62.0
224,2019-08-13,107.0,159.0,67.0,81.0,276.0,44.0,54.0,56.0,47.0
225,2019-08-14,119.0,135.0,80.0,73.0,284.0,29.0,47.0,29.0,48.0
226,2019-08-15,84.0,138.0,20.0,58.0,191.0,28.0,38.0,25.0,41.0
227,2019-08-16,115.0,161.0,72.0,74.0,300.0,47.0,47.0,40.0,48.0
228,2019-08-17,167.0,235.0,36.0,102.0,179.0,57.0,24.0,89.0,48.0
229,2019-08-18,131.0,216.0,31.0,84.0,252.0,38.0,55.0,99.0,43.0
230,2019-08-19,106.0,116.0,49.0,59.0,247.0,53.0,20.0,19.0,59.0
231,2019-08-20,121.0,129.0,63.0,69.0,252.0,40.0,33.0,51.0,59.0
232,2019-08-21,95.0,119.0,79.0,61.0,269.0,44.0,26.0,56.0,46.0
233,2019-08-22,124.0,164.0,69.0,78.0,321.0,42.0,59.0,49.0,43.0
234,2019-08-23,119.0,163.0,76.0,85.0,339.0,45.0,53.0,46.0,53.0
235,2019-08-24,128.0,228.0,46.0,85.0,352.0,29.0,39.0,63.0,41.0
236,2019-08-25,135.0,258.0,20.0,96.0,366.0,54.0,28.0,85.0,66.0
237,2019-08-26,124.0,119.0,96.0,61.0,276.0,42.0,27.0,62.0,54.0
238,2019-08-27,103.0,132.0,72.0,65.0,277.0,22.0,47.0,33.0,37.0
239,2019-08-28,122.0,138.0,60.0,60.0,283.0,54.0,27.0,38.0,58.0
240,2019-08-29,143.0,180.0,91.0,91.0,369.0,56.0,39.0,77.0,56.0
241,2019-08-30,158.0,166.0,93.0,88.0,394.0,57.0,51.0,82.0,60.0
242,2019-08-31,151.0,311.0,26.0,133.0,411.0,51.0,76.0,45.0,71.0
243,2019-09-01,139.0,110.0,100.0,53.0,230.0,42.0,31.0,68.0,64.0
244,2019-09-02,131.0,198.0,40.0,83.0,249.0,50.0,36.0,48.0,67.0
245,2019-09-03,122.0,176.0,37.0,77.0,199.0,39.0,18.0,44.0,53.0
246,2019-09-04,126.0,78.0,98.0,56.0,246.0,37.0,22.0,43.0,52.0
247,2019-09-05,128.0,103.0,100.0,54.0,199.0,40.0,21.0,55.0,55.0
248,2019-09-06,153.0,247.0,21.0,97.0,301.0,45.0,55.0,59.0,62.0
249,2019-09-07,176.0,159.0,142.0,77.0,411.0,71.0,53.0,84.0,79.0
250,2019-09-08,149.0,199.0,78.0,89.0,322.0,60.0,53.0,50.0,69.0
251,2019-09-09,149.0,128.0,107.0,83.0,323.0,71.0,28.0,60.0,61.0
252,2019-09-10,168.0,105.0,144.0,76.0,244.0,55.0,39.0,65.0,56.0
253,2019-09-11,137.0,228.0,37.0,97.0,289.0,47.0,35.0,50.0,67.0
254,2019-09-12,192.0,125.0,141.0,74.0,219.0,62.0,32.0,77.0,63.0
255,2019-09-13,198.0,182.0,159.0,104.0,475.0,69.0,69.0,94.0,73.0
256,2019-09-14,146.0,265.0,35.0,108.0,416.0,61.0,49.0,73.0,60.0
257,2019-09-15,161.0,268.0,28.0,91.0,402.0,53.0,50.0,74.0,69.0
258,2019-09-16,140.0,129.0,137.0,86.0,385.0,61.0,38.0,42.0,77.0
259,2019-09-17,156.0,123.0,100.0,66.0,345.0,51.0,32.0,37.0,63.0
260,2019-09-18,162.0,123.0,135.0,80.0,386.0,50.0,48.0,87.0,86.0
261,2019-09-19,169.0,156.0,125.0,89.0,398.0,57.0,43.0,51.0,68.0
262,2019-09-20,181.0,206.0,134.0,110.0,471.0,70.0,58.0,84.0,74.0
263,2019-09-21,143.0,201.0,37.0,74.0,315.0,54.0,75.0,34.0,42.0
264,2019-09-22,151.0,198.0,36.0,88.0,184.0,31.0,51.0,80.0,62.0
265,2019-09-23,147.0,121.0,123.0,79.0,312.0,29.0,22.0,62.0,71.0
266,2019-09-24,154.0,98.0,123.0,65.0,171.0,46.0,30.0,65.0,49.0
267,2019-09-25,158.0,150.0,126.0,81.0,195.0,64.0,49.0,77.0,52.0
268,2019-09-26,148.0,90.0,129.0,64.0,228.0,48.0,38.0,42.0,69.0
269,2019-09-27,166.0,151.0,82.0,80.0,301.0,52.0,35.0,70.0,75.0
270,2019-09-28,168.0,242.0,32.0,105.0,367.0,56.0,43.0,65.0,60.0
271,2019-09-29,132.0,208.0,25.0,87.0,211.0,17.0,54.0,25.0,63.0
272,2019-09-30,178.0,115.0,144.0,87.0,358.0,72.0,35.0,63.0,54.0
273,2019-10-01,119.0,120.0,105.0,67.0,272.0,35.0,39.0,42.0,48.0
274,2019-10-02,114.0,171.0,20.0,68.0,116.0,40.0,20.0,82.0,45.0
275,2019-10-03,128.0,174.0,20.0,81.0,184.0,32.0,21.0,45.0,49.0
276,2019-10-04,162.0,130.0,113.0,89.0,269.0,53.0,29.0,36.0,72.0
277,2019-10-05,167.0,129.0,105.0,72.0,274.0,31.0,38.0,61.0,90.0
278,2019-10-06,112.0,145.0,26.0,66.0,174.0,37.0,25.0,50.0,34.0
279,2019-10-07,152.0,176.0,102.0,87.0,407.0,70.0,47.0,53.0,86.0
280,2019-10-08,135.0,229.0,30.0,74.0,303.0,40.0,28.0,49.0,51.0
281,2019-10-09,154.0,113.0,112.0,63.0,320.0,64.0,38.0,59.0,77.0
282,2019-10-10,160.0,159.0,127.0,94.0,366.0,43.0,48.0,55.0,58.0
283,2019-10-11,103.0,172.0,17.0,78.0,158.0,40.0,34.0,52.0,41.0
284,2019-10-12,188.0,142.0,148.0,82.0,355.0,62.0,28.0,57.0,82.0
285,2019-10-13,145.0,204.0,25.0,89.0,328.0,84.0,43.0,65.0,51.0
286,2019-10-14,145.0,105.0,97.0,54.0,266.0,42.0,37.0,47.0,62.0
287,2019-10-15,154.0,143.0,120.0,80.0,186.0,62.0,28.0,79.0,54.0
288,2019-10-16,147.0,131.0,90.0,72.0,159.0,60.0,43.0,46.0,69.0
289,2019-10-17,181.0,134.0,118.0,94.0,197.0,51.0,33.0,56.0,53.0
290,2019-10-18,182.0,156.0,117.0,95.0,286.0,57.0,59.0,73.0,86.0
291,2019-10-19,147.0,205.0,35.0,111.0,213.0,43.0,42.0,59.0,70.0
292,2019-10-20,185.0,270.0,21.0,135.0,134.0,65.0,35.0,96.0,74.0
293,2019-10-21,136.0,105.0,92.0,81.0,198.0,34.0,27.0,72.0,50.0
294,2019-10-22,160.0,106.0,122.0,84.0,249.0,64.0,32.0,68.0,72.0
295,2019-10-23,148.0,74.0,106.0,60.0,196.0,36.0,57.0,60.0,64.0
296,2019-10-24,178.0,143.0,89.0,102.0,316.0,58.0,44.0,97.0,55.0
297,2019-10-25,157.0,184.0,99.0,102.0,358.0,58.0,35.0,68.0,65.0
298,2019-10-26,175.0,249.0,50.0,124.0,441.0,62.0,46.0,69.0,63.0
299,2019-10-27,151.0,211.0,22.0,117.0,224.0,53.0,42.0,61.0,54.0
300,2019-10-28,136.0,133.0,94.0,69.0,204.0,35.0,25.0,38.0,56.0
301,2019-10-29,143.0,110.0,107.0,72.0,221.0,65.0,27.0,43.0,65.0
302,2019-10-30,116.0,116.0,88.0,53.0,226.0,54.0,32.0,32.0,48.0
303,2019-10-31,151.0,153.0,108.0,102.0,217.0,55.0,37.0,46.0,63.0
304,2019-11-01,171.0,155.0,133.0,73.0,256.0,48.0,19.0,46.0,73.0
305,2019-11-02,102.0,87.0,81.0,45.0,238.0,35.0,23.0,48.0,52.0
306,2019-11-03,112.0,110.0,76.0,56.0,244.0,58.0,23.0,40.0,39.0
307,2019-11-04,144.0,130.0,99.0,52.0,307.0,47.0,21.0,57.0,74.0
308,2019-11-05,136.0,200.0,32.0,73.0,228.0,40.0,56.0,58.0,61.0
309,2019-11-06,165.0,103.0,115.0,79.0,188.0,50.0,40.0,64.0,90.0
310,2019-11-07,168.0,152.0,103.0,81.0,388.0,55.0,39.0,79.0,81.0
311,2019-11-08,98.0,190.0,18.0,84.0,261.0,27.0,45.0,54.0,58.0
312,2019-11-09,169.0,130.0,108.0,100.0,394.0,61.0,52.0,52.0,75.0
313,2019-11-10,198.0,207.0,136.0,110.0,464.0,65.0,66.0,82.0,61.0
314,2019-11-11,117.0,120.0,22.0,77.0,128.0,21.0,30.0,60.0,55.0
315,2019-11-12,166.0,121.0,121.0,71.0,155.0,60.0,19.0,73.0,82.0
316,2019-11-13,141.0,101.0,112.0,75.0,244.0,48.0,47.0,46.0,72.0
317,2019-11-14,159.0,100.0,101.0,71.0,193.0,49.0,30.0,62.0,77.0
318,2019-11-15,208.0,187.0,123.0,95.0,172.0,61.0,56.0,97.0,94.0
319,2019-11-16,131.0,163.0,34.0,88.0,209.0,46.0,39.0,60.0,48.0
320,2019-11-17,92.0,120.0,13.0,65.0,184.0,26.0,28.0,40.0,34.0
321,2019-11-18,148.0,117.0,116.0,77.0,232.0,42.0,34.0,45.0,76.0
322,2019-11-19,163.0,133.0,113.0,75.0,325.0,49.0,42.0,54.0,50.0
323,2019-11-20,128.0,89.0,81.0,54.0,272.0,27.0,13.0,51.0,43.0
324,2019-11-21,153.0,143.0,118.0,90.0,237.0,48.0,33.0,55.0,73.0
325,2019-11-22,182.0,195.0,106.0,93.0,331.0,60.0,50.0,62.0,72.0
326,2019-11-23,147.0,169.0,47.0,94.0,124.0,50.0,36.0,53.0,69.0
327,2019-11-24,128.0,172.0,21.0,87.0,208.0,39.0,36.0,41.0,54.0
328,2019-11-25,158.0,156.0,115.0,82.0,276.0,52.0,50.0,58.0,68.0
329,2019-11-26,129.0,72.0,139.0,57.0,233.0,36.0,50.0,73.0,31.0
330,2019-11-27,166.0,146.0,101.0,67.0,184.0,62.0,28.0,63.0,48.0
331,2019-11-28,133.0,103.0,105.0,70.0,204.0,32.0,32.0,50.0,54.0
332,2019-11-29,165.0,173.0,110.0,112.0,298.0,59.0,33.0,67.0,99.0
333,2019-11-30,140.0,176.0,45.0,78.0,286.0,25.0,48.0,63.0,69.0
334,2019-12-01,126.0,185.0,36.0,52.0,158.0,33.0,31.0,71.0,47.0
335,2019-12-02,142.0,125.0,103.0,68.0,309.0,57.0,42.0,93.0,66.0
336,2019-12-03,131.0,97.0,105.0,50.0,216.0,21.0,33.0,31.0,64.0
337,2019-12-04,163.0,165.0,118.0,84.0,390.0,54.0,34.0,76.0,83.0
338,2019-12-05,123.0,229.0,18.0,90.0,295.0,39.0,27.0,36.0,52.0
339,2019-12-06,172.0,145.0,99.0,86.0,272.0,74.0,34.0,82.0,79.0
340,2019-12-07,207.0,222.0,111.0,111.0,463.0,76.0,49.0,96.0,76.0
341,2019-12-08,117.0,120.0,67.0,78.0,222.0,49.0,31.0,61.0,44.0
342,2019-12-09,150.0,160.0,120.0,89.0,385.0,57.0,27.0,72.0,74.0
343,2019-12-10,129.0,199.0,43.0,82.0,302.0,61.0,30.0,40.0,43.0
344,2019-12-11,182.0,118.0,165.0,75.0,260.0,58.0,31.0,77.0,50.0
345,2019-12-12,198.0,142.0,165.0,90.0,157.0,40.0,51.0,72.0,76.0
346,2019-12-13,211.0,153.0,134.0,96.0,174.0,45.0,27.0,98.0,81.0
347,2019-12-14,152.0,209.0,41.0,90.0,206.0,53.0,16.0,92.0,47.0
348,2019-12-15,145.0,215.0,30.0,99.0,244.0,34.0,34.0,59.0,57.0
349,2019-12-16,164.0,135.0,120.0,73.0,201.0,43.0,23.0,35.0,64.0
350,2019-12-17,153.0,113.0,109.0,63.0,237.0,35.0,33.0,32.0,44.0
351,2019-12-18,182.0,121.0,122.0,78.0,370.0,52.0,27.0,62.0,75.0
352,2019-12-19,163.0,123.0,118.0,65.0,287.0,57.0,47.0,53.0,45.0
353,2019-12-20,228.0,221.0,132.0,120.0,238.0,62.0,78.0,87.0,105.0
354,2019-12-21,143.0,189.0,25.0,76.0,201.0,54.0,36.0,75.0,61.0
355,2019-12-22,113.0,149.0,23.0,81.0,122.0,12.0,47.0,51.0,31.0
356,2019-12-23,154.0,196.0,76.0,90.0,302.0,67.0,39.0,93.0,66.0
357,2019-12-24,135.0,176.0,51.0,86.0,263.0,32.0,53.0,76.0,72.0
358,2019-12-25,82.0,130.0,17.0,58.0,155.0,33.0,20.0,28.0,36.0
359,2019-12-26,118.0,130.0,49.0,66.0,205.0,32.0,45.0,46.0,44.0
360,2019-12-27,118.0,125.0,62.0,61.0,208.0,40.0,19.0,57.0,42.0
361,2019-12-28,109.0,193.0,32.0,77.0,265.0,64.0,22.0,53.0,47.0
362,2019-12-29,113.0,164.0,24.0,84.0,236.0,12.0,32.0,49.0,56.0
363,2019-12-30,102.0,111.0,62.0,59.0,228.0,37.0,16.0,36.0,33.0
364,2019-12-31,100.0,132.0,59.0,54.0,206.0,42.0,33.0,35.0,49.0
365,2020-01-01,137.0,231.0,10.0,89.0,193.0,33.0,35.0,57.0,45.0
366,2020-01-02,122.0,155.0,28.0,66.0,130.0,63.0,33.0,43.0,57.0
367,2020-01-03,144.0,233.0,19.0,69.0,194.0,50.0,53.0,80.0,35.0
368,2020-01-04,22.0,15.0,14.0,7.0,52.0,11.0,2.0,2.0,14.0
369,2020-01-05,25.0,26.0,8.0,19.0,42.0,3.0,0.0,6.0,17.0
370,2020-01-06,92.0,155.0,26.0,67.0,241.0,32.0,44.0,29.0,31.0
371,2020-01-07,138.0,125.0,97.0,79.0,283.0,78.0,36.0,39.0,37.0
372,2020-01-08,184.0,238.0,44.0,109.0,410.0,68.0,88.0,48.0,59.0
373,2020-01-09,130.0,102.0,88.0,66.0,312.0,55.0,36.0,63.0,68.0
374,2020-01-10,166.0,134.0,123.0,91.0,172.0,53.0,53.0,84.0,49.0
375,2020-01-11,53.0,61.0,24.0,34.0,73.0,24.0,15.0,21.0,19.0
376,2020-01-12,124.0,93.0,110.0,72.0,210.0,42.0,29.0,63.0,48.0
377,2020-01-13,172.0,113.0,125.0,67.0,234.0,62.0,29.0,66.0,63.0
378,2020-01-14,115.0,97.0,100.0,48.0,220.0,51.0,24.0,48.0,44.0
379,2020-01-15,146.0,115.0,114.0,71.0,270.0,37.0,28.0,45.0,51.0
380,2020-01-16,170.0,150.0,124.0,88.0,398.0,64.0,37.0,78.0,49.0
381,2020-01-17,175.0,140.0,124.0,86.0,208.0,67.0,46.0,79.0,83.0
382,2020-01-18,134.0,188.0,38.0,74.0,308.0,72.0,42.0,59.0,41.0
383,2020-01-19,103.0,136.0,16.0,47.0,212.0,25.0,27.0,60.0,31.0
384,2020-01-20,181.0,105.0,160.0,75.0,359.0,46.0,49.0,66.0,74.0
385,2020-01-21,132.0,120.0,97.0,73.0,278.0,49.0,51.0,44.0,38.0
386,2020-01-22,147.0,106.0,116.0,65.0,301.0,48.0,20.0,68.0,59.0
387,2020-01-23,152.0,100.0,102.0,68.0,261.0,48.0,34.0,51.0,60.0
388,2020-01-24,173.0,156.0,95.0,82.0,327.0,50.0,61.0,68.0,64.0
389,2020-01-25,116.0,158.0,30.0,69.0,215.0,60.0,25.0,43.0,39.0
390,2020-01-26,137.0,184.0,21.0,81.0,174.0,49.0,35.0,60.0,48.0
391,2020-01-27,129.0,103.0,119.0,45.0,108.0,55.0,44.0,60.0,51.0
392,2020-01-28,147.0,109.0,127.0,62.0,200.0,48.0,35.0,75.0,46.0
393,2020-01-29,147.0,106.0,109.0,63.0,279.0,42.0,40.0,64.0,77.0
394,2020-01-30,152.0,133.0,120.0,81.0,137.0,55.0,25.0,44.0,71.0
395,2020-01-31,168.0,146.0,108.0,85.0,277.0,67.0,52.0,59.0,59.0
396,2020-02-01,117.0,91.0,85.0,60.0,168.0,33.0,21.0,45.0,63.0
397,2020-02-02,166.0,242.0,25.0,70.0,134.0,36.0,34.0,79.0,56.0
398,2020-02-03,127.0,97.0,87.0,61.0,107.0,35.0,22.0,46.0,51.0
399,2020-02-04,18.0,14.0,23.0,10.0,44.0,5.0,4.0,9.0,8.0
400,2020-02-05,20.0,27.0,8.0,6.0,40.0,4.0,2.0,0.0,6.0
401,2020-02-06,129.0,116.0,100.0,74.0,321.0,43.0,31.0,68.0,46.0
402,2020-02-07,167.0,153.0,92.0,78.0,342.0,59.0,37.0,53.0,84.0
403,2020-02-08,117.0,238.0,10.0,84.0,286.0,36.0,42.0,52.0,44.0
404,2020-02-09,158.0,151.0,102.0,83.0,377.0,40.0,27.0,78.0,61.0
405,2020-02-10,175.0,155.0,115.0,109.0,108.0,59.0,55.0,87.0,55.0
406,2020-02-11,69.0,42.0,61.0,27.0,108.0,20.0,16.0,16.0,23.0
407,2020-02-12,125.0,100.0,106.0,79.0,217.0,41.0,31.0,21.0,34.0
408,2020-02-13,154.0,111.0,111.0,70.0,161.0,54.0,33.0,63.0,53.0
409,2020-02-14,157.0,175.0,98.0,66.0,357.0,57.0,36.0,86.0,73.0
410,2020-02-15,123.0,187.0,30.0,68.0,276.0,32.0,27.0,72.0,68.0
411,2020-02-16,114.0,157.0,22.0,81.0,190.0,31.0,33.0,55.0,56.0
412,2020-02-17,112.0,89.0,87.0,61.0,173.0,49.0,42.0,42.0,48.0
413,2020-02-18,144.0,105.0,115.0,83.0,317.0,35.0,53.0,54.0,47.0
414,2020-02-19,115.0,112.0,84.0,61.0,184.0,40.0,27.0,51.0,64.0
415,2020-02-20,122.0,127.0,90.0,58.0,239.0,39.0,22.0,59.0,35.0
416,2020-02-21,147.0,154.0,85.0,76.0,363.0,61.0,61.0,84.0,58.0
417,2020-02-22,130.0,184.0,37.0,72.0,300.0,68.0,34.0,57.0,49.0
418,2020-02-23,103.0,144.0,16.0,66.0,199.0,42.0,18.0,46.0,49.0
419,2020-02-24,117.0,126.0,78.0,53.0,240.0,59.0,15.0,41.0,66.0
420,2020-02-25,147.0,95.0,121.0,60.0,186.0,54.0,25.0,75.0,52.0
421,2020-02-26,130.0,94.0,107.0,47.0,173.0,36.0,24.0,74.0,49.0
422,2020-02-27,141.0,100.0,91.0,59.0,119.0,36.0,31.0,55.0,54.0
423,2020-02-28,156.0,141.0,95.0,66.0,237.0,53.0,35.0,56.0,55.0
424,2020-02-29,111.0,164.0,26.0,66.0,141.0,47.0,16.0,59.0,53.0
425,2020-03-01,108.0,137.0,51.0,51.0,169.0,37.0,44.0,55.0,48.0
426,2020-03-02,125.0,110.0,94.0,55.0,180.0,46.0,40.0,44.0,51.0
427,2020-03-03,109.0,101.0,81.0,58.0,226.0,40.0,20.0,57.0,51.0
428,2020-03-04,28.0,19.0,17.0,14.0,55.0,6.0,2.0,5.0,10.0
429,2020-03-05,31.0,26.0,10.0,15.0,60.0,3.0,14.0,8.0,11.0
430,2020-03-06,129.0,118.0,86.0,62.0,275.0,45.0,31.0,37.0,58.0
431,2020-03-07,185.0,192.0,102.0,101.0,410.0,60.0,56.0,52.0,65.0
432,2020-03-08,121.0,163.0,62.0,75.0,303.0,30.0,39.0,64.0,41.0
433,2020-03-09,143.0,153.0,128.0,68.0,407.0,60.0,43.0,67.0,67.0
434,2020-03-10,160.0,182.0,44.0,81.0,189.0,51.0,35.0,67.0,59.0
435,2020-03-11,80.0,52.0,74.0,35.0,167.0,24.0,17.0,33.0,22.0
436,2020-03-12,158.0,97.0,119.0,71.0,142.0,36.0,30.0,65.0,81.0
437,2020-03-13,116.0,146.0,79.0,58.0,322.0,46.0,18.0,64.0,70.0
438,2020-03-14,109.0,143.0,24.0,68.0,198.0,26.0,22.0,46.0,33.0
439,2020-03-15,84.0,133.0,24.0,58.0,233.0,17.0,34.0,22.0,31.0
440,2020-03-16,64.0,59.0,39.0,19.0,122.0,18.0,14.0,24.0,31.0
441,2020-03-17,39.0,31.0,18.0,16.0,86.0,6.0,7.0,7.0,14.0
442,2020-03-18,35.0,15.0,26.0,13.0,67.0,8.0,5.0,15.0,7.0
443,2020-03-19,19.0,16.0,21.0,10.0,54.0,4.0,5.0,13.0,7.0
444,2020-03-20,31.0,19.0,23.0,13.0,50.0,6.0,2.0,4.0,9.0
445,2020-03-21,17.0,9.0,11.0,8.0,33.0,4.0,6.0,3.0,4.0
446,2020-03-22,14.0,21.0,5.0,6.0,35.0,5.0,2.0,4.0,12.0
447,2020-03-23,15.0,16.0,13.0,13.0,36.0,2.0,5.0,4.0,8.0
448,2020-03-24,14.0,10.0,6.0,3.0,28.0,0.0,4.0,0.0,2.0
449,2020-03-25,20.0,12.0,17.0,12.0,44.0,4.0,10.0,4.0,19.0
450,2020-03-26,13.0,12.0,15.0,6.0,39.0,6.0,2.0,4.0,1.0
451,2020-03-27,18.0,28.0,10.0,2.0,52.0,2.0,3.0,8.0,8.0
452,2020-03-28,18.0,26.0,15.0,17.0,55.0,6.0,5.0,10.0,12.0
453,2020-03-29,11.0,12.0,4.0,1.0,23.0,1.0,2.0,2.0,3.0
454,2020-03-30,30.0,33.0,27.0,13.0,65.0,6.0,4.0,22.0,19.0
455,2020-03-31,12.0,9.0,15.0,9.0,38.0,0.0,2.0,4.0,6.0
456,2020-04-01,107.0,127.0,39.0,57.0,223.0,35.0,30.0,56.0,34.0
457,2020-04-02,160.0,95.0,156.0,54.0,256.0,31.0,30.0,59.0,71.0
458,2020-04-03,134.0,114.0,109.0,59.0,179.0,50.0,33.0,62.0,61.0
459,2020-04-04,18.0,15.0,10.0,12.0,49.0,2.0,5.0,3.0,8.0
460,2020-04-05,37.0,27.0,36.0,14.0,80.0,14.0,18.0,14.0,13.0
461,2020-04-06,99.0,90.0,78.0,41.0,125.0,30.0,30.0,46.0,54.0
462,2020-04-07,149.0,245.0,30.0,93.0,345.0,66.0,33.0,52.0,67.0
463,2020-04-08,107.0,116.0,90.0,75.0,302.0,65.0,38.0,42.0,46.0
464,2020-04-09,188.0,190.0,129.0,93.0,450.0,57.0,41.0,64.0,80.0
465,2020-04-10,98.0,113.0,20.0,67.0,85.0,27.0,25.0,34.0,29.0
466,2020-04-11,59.0,50.0,45.0,28.0,149.0,15.0,14.0,23.0,21.0
467,2020-04-12,181.0,134.0,112.0,89.0,186.0,39.0,60.0,86.0,69.0
468,2020-04-13,9.0,21.0,2.0,7.0,32.0,4.0,5.0,6.0,5.0
469,2020-04-14,48.0,35.0,44.0,14.0,106.0,13.0,17.0,18.0,18.0
470,2020-04-15,27.0,24.0,31.0,12.0,72.0,2.0,14.0,11.0,22.0
471,2020-04-16,31.0,31.0,28.0,12.0,77.0,9.0,3.0,11.0,13.0
472,2020-04-17,30.0,36.0,28.0,15.0,98.0,3.0,9.0,17.0,19.0
473,2020-04-18,22.0,32.0,16.0,13.0,58.0,8.0,8.0,14.0,6.0
474,2020-04-19,17.0,7.0,8.0,8.0,33.0,3.0,4.0,5.0,4.0
475,2020-04-20,34.0,33.0,31.0,16.0,56.0,8.0,7.0,10.0,10.0
476,2020-04-21,45.0,22.0,25.0,14.0,64.0,10.0,12.0,9.0,5.0
477,2020-04-22,37.0,38.0,27.0,16.0,90.0,4.0,16.0,16.0,19.0
478,2020-04-23,34.0,28.0,27.0,15.0,83.0,4.0,8.0,12.0,11.0
479,2020-04-24,28.0,38.0,27.0,13.0,86.0,10.0,11.0,7.0,9.0
480,2020-04-25,29.0,44.0,15.0,16.0,78.0,2.0,12.0,3.0,6.0
481,2020-04-26,32.0,39.0,6.0,15.0,69.0,4.0,6.0,2.0,22.0
482,2020-04-27,30.0,20.0,25.0,13.0,63.0,6.0,12.0,10.0,4.0
483,2020-04-28,34.0,18.0,29.0,13.0,44.0,14.0,6.0,13.0,8.0
484,2020-04-29,34.0,30.0,21.0,23.0,39.0,8.0,8.0,17.0,7.0
485,2020-04-30,47.0,34.0,44.0,12.0,57.0,9.0,19.0,10.0,8.0
486,2020-05-01,102.0,153.0,19.0,58.0,220.0,31.0,18.0,39.0,34.0
487,2020-05-02,132.0,121.0,87.0,45.0,310.0,29.0,48.0,41.0,44.0
488,2020-05-03,152.0,117.0,109.0,79.0,79.0,52.0,41.0,63.0,82.0
489,2020-05-04,24.0,29.0,20.0,13.0,69.0,6.0,7.0,5.0,13.0
490,2020-05-05,40.0,34.0,50.0,16.0,86.0,16.0,7.0,24.0,17.0
491,2020-05-06,116.0,90.0,69.0,64.0,163.0,37.0,16.0,38.0,34.0
492,2020-05-07,134.0,271.0,24.0,104.0,329.0,25.0,67.0,61.0,53.0
493,2020-05-08,156.0,181.0,92.0,76.0,380.0,62.0,42.0,62.0,68.0
494,2020-05-09,154.0,220.0,40.0,101.0,363.0,49.0,34.0,45.0,59.0
495,2020-05-10,143.0,114.0,107.0,79.0,121.0,40.0,31.0,65.0,66.0
496,2020-05-11,94.0,51.0,89.0,46.0,212.0,9.0,25.0,15.0,48.0
497,2020-05-12,93.0,115.0,31.0,71.0,126.0,17.0,38.0,32.0,34.0
498,2020-05-13,74.0,77.0,46.0,43.0,156.0,22.0,36.0,14.0,25.0
499,2020-05-14,78.0,78.0,57.0,32.0,188.0,47.0,17.0,30.0,27.0
500,2020-05-15,94.0,111.0,53.0,47.0,234.0,35.0,26.0,34.0,38.0
501,2020-05-16,127.0,165.0,30.0,74.0,297.0,35.0,29.0,42.0,30.0
502,2020-05-17,107.0,198.0,14.0,58.0,265.0,33.0,35.0,22.0,46.0
503,2020-05-18,78.0,106.0,60.0,42.0,208.0,33.0,42.0,25.0,38.0
504,2020-05-19,124.0,122.0,87.0,50.0,314.0,53.0,37.0,38.0,52.0
505,2020-05-20,141.0,162.0,87.0,79.0,342.0,66.0,51.0,40.0,74.0
506,2020-05-21,91.0,154.0,14.0,48.0,225.0,28.0,23.0,22.0,35.0
507,2020-05-22,103.0,122.0,43.0,49.0,248.0,33.0,36.0,48.0,52.0
508,2020-05-23,101.0,112.0,27.0,49.0,169.0,32.0,39.0,22.0,30.0
509,2020-05-24,112.0,198.0,17.0,84.0,281.0,49.0,38.0,43.0,51.0
510,2020-05-25,104.0,99.0,61.0,59.0,230.0,48.0,28.0,50.0,40.0
511,2020-05-26,130.0,117.0,85.0,65.0,298.0,33.0,22.0,48.0,47.0
512,2020-05-27,124.0,123.0,77.0,62.0,288.0,40.0,39.0,44.0,50.0
513,2020-05-28,124.0,132.0,69.0,61.0,328.0,44.0,42.0,33.0,42.0
514,2020-05-29,132.0,160.0,96.0,75.0,333.0,64.0,29.0,46.0,72.0
515,2020-05-30,148.0,203.0,36.0,93.0,341.0,53.0,36.0,38.0,52.0
516,2020-05-31,123.0,229.0,26.0,96.0,302.0,41.0,55.0,50.0,42.0
517,2020-06-01,145.0,117.0,111.0,65.0,290.0,56.0,26.0,56.0,55.0
518,2020-06-02,182.0,123.0,132.0,72.0,378.0,49.0,24.0,76.0,52.0
519,2020-06-03,165.0,158.0,112.0,81.0,288.0,81.0,46.0,75.0,56.0
520,2020-06-04,15.0,13.0,17.0,9.0,35.0,8.0,4.0,10.0,4.0
521,2020-06-05,48.0,58.0,43.0,31.0,137.0,10.0,24.0,15.0,20.0
522,2020-06-06,132.0,222.0,23.0,98.0,283.0,43.0,25.0,54.0,63.0
523,2020-06-07,158.0,136.0,100.0,83.0,331.0,46.0,26.0,53.0,64.0
524,2020-06-08,152.0,172.0,86.0,87.0,354.0,76.0,31.0,48.0,58.0
525,2020-06-09,147.0,207.0,25.0,82.0,306.0,43.0,43.0,56.0,58.0
526,2020-06-10,178.0,130.0,126.0,72.0,163.0,45.0,43.0,61.0,81.0
527,2020-06-11,117.0,76.0,83.0,55.0,251.0,44.0,28.0,32.0,44.0
528,2020-06-12,94.0,116.0,24.0,68.0,157.0,32.0,21.0,41.0,16.0
529,2020-06-13,126.0,168.0,31.0,99.0,248.0,39.0,45.0,49.0,66.0
530,2020-06-14,154.0,210.0,17.0,94.0,347.0,61.0,21.0,68.0,39.0
531,2020-06-15,146.0,126.0,93.0,78.0,303.0,45.0,38.0,49.0,56.0
532,2020-06-16,130.0,107.0,85.0,67.0,259.0,40.0,32.0,28.0,47.0
533,2020-06-17,118.0,90.0,83.0,41.0,237.0,35.0,31.0,34.0,43.0
534,2020-06-18,148.0,112.0,83.0,73.0,305.0,55.0,20.0,40.0,54.0
535,2020-06-19,137.0,150.0,95.0,74.0,324.0,34.0,32.0,36.0,69.0
536,2020-06-20,121.0,239.0,40.0,87.0,357.0,61.0,31.0,40.0,74.0
537,2020-06-21,136.0,220.0,13.0,83.0,305.0,31.0,40.0,40.0,50.0
538,2020-06-22,142.0,124.0,104.0,77.0,332.0,50.0,33.0,75.0,73.0
539,2020-06-23,145.0,132.0,104.0,51.0,346.0,51.0,26.0,41.0,64.0
540,2020-06-24,146.0,167.0,95.0,85.0,352.0,55.0,45.0,54.0,45.0
541,2020-06-25,166.0,154.0,112.0,63.0,354.0,67.0,35.0,54.0,69.0
542,2020-06-26,136.0,122.0,88.0,73.0,291.0,37.0,30.0,53.0,51.0
543,2020-06-27,113.0,212.0,30.0,91.0,268.0,46.0,45.0,36.0,49.0
544,2020-06-28,150.0,228.0,29.0,95.0,321.0,28.0,44.0,46.0,42.0
545,2020-06-29,139.0,120.0,98.0,71.0,298.0,29.0,30.0,40.0,43.0
546,2020-06-30,135.0,144.0,98.0,76.0,329.0,63.0,18.0,48.0,68.0
547,2020-07-01,146.0,106.0,99.0,68.0,194.0,31.0,27.0,68.0,48.0
548,2020-07-02,154.0,156.0,104.0,82.0,393.0,76.0,45.0,68.0,81.0
549,2020-07-03,133.0,216.0,26.0,69.0,326.0,36.0,42.0,56.0,85.0
550,2020-07-04,24.0,18.0,25.0,8.0,58.0,6.0,7.0,20.0,9.0
551,2020-07-05,57.0,43.0,42.0,17.0,126.0,27.0,25.0,20.0,28.0
552,2020-07-06,97.0,146.0,17.0,59.0,195.0,19.0,37.0,24.0,20.0
553,2020-07-07,174.0,166.0,111.0,98.0,443.0,87.0,66.0,81.0,40.0
554,2020-07-08,136.0,141.0,89.0,88.0,308.0,44.0,56.0,61.0,45.0
555,2020-07-09,149.0,160.0,114.0,77.0,374.0,55.0,47.0,55.0,55.0
556,2020-07-10,158.0,126.0,104.0,86.0,307.0,75.0,35.0,52.0,74.0
557,2020-07-11,65.0,71.0,30.0,26.0,130.0,22.0,17.0,19.0,13.0
558,2020-07-12,113.0,87.0,115.0,60.0,193.0,53.0,17.0,43.0,41.0
559,2020-07-13,147.0,173.0,81.0,75.0,323.0,43.0,39.0,55.0,65.0
560,2020-07-14,88.0,166.0,29.0,67.0,227.0,27.0,27.0,40.0,46.0
561,2020-07-15,132.0,114.0,83.0,62.0,271.0,44.0,22.0,51.0,34.0
562,2020-07-16,133.0,114.0,91.0,60.0,293.0,62.0,16.0,40.0,70.0
563,2020-07-17,180.0,210.0,75.0,121.0,404.0,62.0,36.0,83.0,63.0
564,2020-07-18,141.0,212.0,33.0,97.0,333.0,54.0,59.0,54.0,35.0
565,2020-07-19,136.0,266.0,39.0,100.0,363.0,47.0,34.0,52.0,62.0
566,2020-07-20,126.0,146.0,76.0,74.0,337.0,31.0,31.0,77.0,45.0
567,2020-07-21,166.0,160.0,84.0,101.0,378.0,68.0,36.0,47.0,72.0
568,2020-07-22,155.0,137.0,95.0,87.0,346.0,73.0,36.0,70.0,70.0
569,2020-07-23,163.0,196.0,101.0,102.0,376.0,53.0,20.0,52.0,59.0
570,2020-07-24,138.0,160.0,111.0,79.0,357.0,72.0,36.0,63.0,56.0
571,2020-07-25,130.0,205.0,34.0,98.0,305.0,53.0,37.0,54.0,58.0
572,2020-07-26,120.0,221.0,19.0,96.0,286.0,39.0,42.0,30.0,66.0
573,2020-07-27,149.0,130.0,99.0,85.0,361.0,37.0,45.0,71.0,80.0
574,2020-07-28,155.0,158.0,120.0,86.0,365.0,50.0,37.0,67.0,64.0
575,2020-07-29,161.0,203.0,80.0,97.0,404.0,51.0,46.0,65.0,63.0
576,2020-07-30,173.0,181.0,77.0,77.0,364.0,61.0,47.0,77.0,42.0
577,2020-07-31,153.0,159.0,92.0,84.0,357.0,34.0,50.0,50.0,53.0
578,2020-08-01,150.0,125.0,131.0,70.0,219.0,68.0,46.0,43.0,58.0
579,2020-08-02,123.0,192.0,30.0,76.0,222.0,43.0,23.0,31.0,60.0
580,2020-08-03,107.0,188.0,22.0,73.0,214.0,50.0,38.0,48.0,33.0
581,2020-08-04,36.0,27.0,23.0,8.0,67.0,8.0,13.0,10.0,6.0
582,2020-08-05,44.0,45.0,14.0,23.0,88.0,8.0,7.0,15.0,15.0
583,2020-08-06,109.0,93.0,76.0,45.0,217.0,44.0,15.0,33.0,33.0
584,2020-08-07,176.0,182.0,127.0,91.0,423.0,47.0,43.0,56.0,64.0
585,2020-08-08,137.0,214.0,30.0,106.0,372.0,53.0,52.0,70.0,52.0
586,2020-08-09,169.0,159.0,115.0,98.0,414.0,61.0,38.0,71.0,70.0
587,2020-08-10,121.0,94.0,93.0,61.0,261.0,65.0,31.0,55.0,52.0
588,2020-08-11,46.0,51.0,15.0,24.0,75.0,8.0,13.0,3.0,14.0
589,2020-08-12,146.0,97.0,122.0,78.0,253.0,58.0,45.0,56.0,59.0
590,2020-08-13,117.0,170.0,67.0,87.0,249.0,58.0,45.0,63.0,72.0
591,2020-08-14,129.0,173.0,57.0,74.0,328.0,53.0,31.0,56.0,45.0
592,2020-08-15,140.0,222.0,21.0,96.0,314.0,28.0,44.0,44.0,52.0
593,2020-08-16,150.0,241.0,18.0,102.0,290.0,36.0,54.0,61.0,42.0
594,2020-08-17,128.0,122.0,64.0,70.0,252.0,56.0,32.0,69.0,37.0
595,2020-08-18,139.0,159.0,68.0,80.0,303.0,55.0,25.0,45.0,35.0
596,2020-08-19,124.0,178.0,69.0,61.0,266.0,37.0,31.0,54.0,36.0
597,2020-08-20,136.0,128.0,62.0,79.0,316.0,44.0,31.0,52.0,55.0
598,2020-08-21,136.0,153.0,68.0,95.0,306.0,47.0,56.0,44.0,62.0
599,2020-08-22,157.0,186.0,23.0,97.0,345.0,43.0,64.0,38.0,44.0
600,2020-08-23,123.0,240.0,9.0,86.0,320.0,54.0,30.0,78.0,59.0
601,2020-08-24,120.0,128.0,59.0,84.0,291.0,52.0,35.0,73.0,48.0
602,2020-08-25,121.0,106.0,50.0,68.0,251.0,48.0,20.0,47.0,49.0
603,2020-08-26,132.0,126.0,78.0,79.0,323.0,75.0,30.0,64.0,58.0
604,2020-08-27,120.0,146.0,97.0,74.0,295.0,47.0,24.0,45.0,42.0
605,2020-08-28,163.0,191.0,84.0,104.0,276.0,71.0,74.0,64.0,70.0
606,2020-08-29,128.0,193.0,24.0,108.0,203.0,45.0,55.0,49.0,38.0
607,2020-08-30,129.0,179.0,17.0,77.0,212.0,32.0,34.0,42.0,45.0
608,2020-08-31,144.0,124.0,103.0,74.0,313.0,76.0,20.0,46.0,70.0
609,2020-09-01,167.0,142.0,113.0,70.0,202.0,33.0,23.0,73.0,100.0
610,2020-09-02,135.0,185.0,26.0,84.0,225.0,48.0,36.0,54.0,81.0
611,2020-09-03,143.0,111.0,96.0,41.0,223.0,55.0,32.0,71.0,37.0
612,2020-09-04,28.0,28.0,22.0,13.0,67.0,8.0,4.0,6.0,13.0
613,2020-09-05,38.0,53.0,13.0,25.0,72.0,7.0,14.0,12.0,22.0
614,2020-09-06,135.0,117.0,97.0,65.0,280.0,60.0,33.0,42.0,48.0
615,2020-09-07,162.0,146.0,102.0,82.0,401.0,70.0,34.0,72.0,73.0
616,2020-09-08,117.0,201.0,17.0,66.0,286.0,35.0,64.0,30.0,31.0
617,2020-09-09,157.0,155.0,112.0,94.0,387.0,44.0,54.0,66.0,68.0
618,2020-09-10,156.0,153.0,111.0,87.0,298.0,47.0,46.0,42.0,65.0
619,2020-09-11,102.0,67.0,91.0,51.0,210.0,45.0,35.0,23.0,48.0
620,2020-09-12,113.0,59.0,106.0,57.0,227.0,43.0,28.0,39.0,58.0
621,2020-09-13,171.0,293.0,23.0,110.0,408.0,93.0,56.0,70.0,41.0
622,2020-09-14,144.0,126.0,95.0,64.0,333.0,69.0,17.0,63.0,52.0
623,2020-09-15,155.0,142.0,130.0,84.0,389.0,56.0,39.0,65.0,57.0
624,2020-09-16,178.0,158.0,126.0,98.0,418.0,56.0,41.0,67.0,50.0
625,2020-09-17,173.0,141.0,149.0,92.0,418.0,73.0,47.0,60.0,58.0
626,2020-09-18,197.0,172.0,111.0,93.0,447.0,62.0,25.0,81.0,93.0
627,2020-09-19,132.0,218.0,43.0,104.0,301.0,48.0,42.0,61.0,45.0
628,2020-09-20,158.0,235.0,35.0,89.0,306.0,64.0,38.0,61.0,38.0
629,2020-09-21,146.0,125.0,129.0,79.0,343.0,40.0,39.0,51.0,69.0
630,2020-09-22,195.0,134.0,122.0,82.0,337.0,52.0,38.0,72.0,72.0
631,2020-09-23,133.0,106.0,93.0,73.0,249.0,28.0,27.0,45.0,56.0
632,2020-09-24,188.0,126.0,142.0,101.0,204.0,61.0,40.0,84.0,47.0
633,2020-09-25,183.0,127.0,142.0,98.0,209.0,62.0,32.0,97.0,66.0
634,2020-09-26,112.0,174.0,26.0,78.0,176.0,44.0,47.0,46.0,47.0
635,2020-09-27,121.0,178.0,21.0,87.0,139.0,28.0,53.0,59.0,46.0
636,2020-09-28,163.0,131.0,100.0,82.0,184.0,57.0,27.0,81.0,51.0
637,2020-09-29,159.0,107.0,110.0,70.0,202.0,54.0,28.0,68.0,71.0
638,2020-09-30,135.0,113.0,101.0,81.0,271.0,39.0,43.0,55.0,58.0
639,2020-10-01,165.0,136.0,136.0,77.0,286.0,62.0,30.0,67.0,74.0
640,2020-10-02,123.0,85.0,80.0,51.0,152.0,38.0,19.0,58.0,43.0
641,2020-10-03,121.0,96.0,100.0,49.0,173.0,32.0,27.0,64.0,61.0
642,2020-10-04,38.0,40.0,28.0,21.0,104.0,10.0,21.0,11.0,21.0
643,2020-10-05,21.0,29.0,11.0,13.0,36.0,3.0,4.0,10.0,5.0
644,2020-10-06,110.0,75.0,60.0,43.0,214.0,37.0,15.0,40.0,44.0
645,2020-10-07,167.0,183.0,71.0,114.0,381.0,50.0,46.0,61.0,56.0
646,2020-10-08,128.0,171.0,83.0,78.0,331.0,48.0,25.0,76.0,86.0
647,2020-10-09,140.0,135.0,102.0,64.0,348.0,55.0,36.0,37.0,39.0
648,2020-10-10,160.0,191.0,38.0,104.0,336.0,30.0,37.0,64.0,47.0
649,2020-10-11,96.0,74.0,79.0,49.0,156.0,33.0,14.0,34.0,39.0
650,2020-10-12,120.0,82.0,93.0,62.0,185.0,40.0,18.0,43.0,49.0
651,2020-10-13,160.0,96.0,112.0,61.0,170.0,62.0,27.0,68.0,36.0
652,2020-10-14,163.0,118.0,138.0,86.0,252.0,46.0,32.0,61.0,79.0
653,2020-10-15,158.0,128.0,109.0,86.0,305.0,40.0,26.0,58.0,78.0
654,2020-10-16,145.0,140.0,98.0,80.0,334.0,71.0,42.0,64.0,60.0
655,2020-10-17,138.0,204.0,32.0,97.0,315.0,45.0,39.0,59.0,74.0
656,2020-10-18,84.0,135.0,23.0,61.0,229.0,38.0,40.0,59.0,25.0
657,2020-10-19,118.0,116.0,86.0,64.0,276.0,52.0,24.0,43.0,47.0
658,2020-10-20,158.0,118.0,128.0,91.0,197.0,56.0,52.0,79.0,51.0
659,2020-10-21,146.0,84.0,114.0,76.0,247.0,42.0,43.0,34.0,38.0
660,2020-10-22,136.0,141.0,105.0,80.0,255.0,41.0,48.0,76.0,51.0
661,2020-10-23,145.0,138.0,113.0,96.0,218.0,38.0,41.0,55.0,54.0
662,2020-10-24,140.0,171.0,30.0,94.0,239.0,47.0,51.0,55.0,45.0
663,2020-10-25,112.0,110.0,18.0,66.0,105.0,26.0,33.0,20.0,43.0
664,2020-10-26,96.0,60.0,87.0,50.0,156.0,42.0,12.0,34.0,48.0
665,2020-10-27,152.0,105.0,104.0,75.0,178.0,49.0,36.0,57.0,60.0
666,2020-10-28,115.0,93.0,79.0,51.0,187.0,41.0,16.0,48.0,56.0
667,2020-10-29,186.0,187.0,125.0,90.0,333.0,70.0,32.0,116.0,89.0
668,2020-10-30,58.0,49.0,68.0,26.0,161.0,14.0,26.0,35.0,21.0
669,2020-10-31,44.0,65.0,19.0,26.0,86.0,11.0,26.0,14.0,34.0
670,2020-11-01,134.0,195.0,27.0,77.0,305.0,52.0,38.0,36.0,75.0
671,2020-11-02,146.0,93.0,109.0,45.0,208.0,53.0,32.0,73.0,52.0
672,2020-11-03,133.0,86.0,98.0,67.0,282.0,48.0,28.0,35.0,35.0
673,2020-11-04,24.0,25.0,8.0,9.0,47.0,2.0,2.0,5.0,10.0
674,2020-11-05,70.0,69.0,47.0,25.0,96.0,12.0,12.0,29.0,35.0
675,2020-11-06,108.0,93.0,63.0,56.0,171.0,37.0,34.0,38.0,54.0
676,2020-11-07,171.0,259.0,40.0,91.0,392.0,79.0,47.0,67.0,62.0
677,2020-11-08,116.0,145.0,77.0,83.0,256.0,33.0,43.0,24.0,64.0
678,2020-11-09,189.0,224.0,110.0,114.0,458.0,52.0,56.0,77.0,86.0
679,2020-11-10,133.0,181.0,28.0,76.0,226.0,57.0,37.0,66.0,57.0
680,2020-11-11,43.0,41.0,26.0,27.0,91.0,20.0,7.0,11.0,12.0
681,2020-11-12,183.0,122.0,146.0,94.0,106.0,60.0,48.0,68.0,60.0
682,2020-11-13,113.0,85.0,87.0,53.0,214.0,32.0,21.0,38.0,34.0
683,2020-11-14,78.0,82.0,23.0,54.0,155.0,24.0,17.0,24.0,9.0
684,2020-11-15,59.0,67.0,18.0,42.0,79.0,12.0,13.0,18.0,12.0
685,2020-11-16,83.0,70.0,86.0,40.0,172.0,26.0,25.0,38.0,39.0
686,2020-11-17,94.0,62.0,81.0,34.0,200.0,36.0,27.0,22.0,37.0
687,2020-11-18,110.0,86.0,97.0,72.0,255.0,21.0,25.0,40.0,36.0
688,2020-11-19,127.0,82.0,109.0,72.0,217.0,41.0,40.0,25.0,53.0
689,2020-11-20,124.0,100.0,113.0,59.0,296.0,40.0,32.0,33.0,61.0
690,2020-11-21,67.0,89.0,25.0,44.0,148.0,25.0,26.0,14.0,25.0
691,2020-11-22,50.0,72.0,22.0,33.0,101.0,16.0,24.0,6.0,15.0
692,2020-11-23,100.0,50.0,88.0,46.0,170.0,20.0,21.0,26.0,38.0
693,2020-11-24,91.0,74.0,88.0,52.0,216.0,26.0,34.0,16.0,30.0
694,2020-11-25,104.0,64.0,102.0,60.0,225.0,42.0,31.0,31.0,37.0
695,2020-11-26,113.0,66.0,108.0,72.0,235.0,52.0,17.0,38.0,44.0
696,2020-11-27,95.0,86.0,80.0,53.0,218.0,27.0,43.0,26.0,37.0
697,2020-11-28,101.0,168.0,33.0,87.0,260.0,41.0,18.0,43.0,44.0
698,2020-11-29,60.0,83.0,18.0,42.0,141.0,28.0,24.0,10.0,28.0
699,2020-11-30,149.0,93.0,93.0,80.0,264.0,49.0,34.0,46.0,47.0
700,2020-12-01,112.0,145.0,19.0,47.0,212.0,42.0,37.0,35.0,45.0
701,2020-12-02,138.0,132.0,103.0,75.0,334.0,66.0,33.0,55.0,47.0
702,2020-12-03,119.0,88.0,98.0,50.0,251.0,38.0,22.0,57.0,48.0
703,2020-12-04,28.0,26.0,6.0,14.0,56.0,7.0,7.0,4.0,11.0
704,2020-12-05,67.0,86.0,48.0,38.0,183.0,33.0,23.0,21.0,44.0
705,2020-12-06,128.0,127.0,82.0,76.0,211.0,56.0,29.0,59.0,42.0
706,2020-12-07,134.0,229.0,17.0,108.0,323.0,36.0,40.0,45.0,33.0
707,2020-12-08,116.0,149.0,72.0,89.0,279.0,43.0,62.0,37.0,41.0
708,2020-12-09,175.0,233.0,47.0,120.0,438.0,74.0,58.0,72.0,63.0
709,2020-12-10,126.0,91.0,103.0,61.0,263.0,38.0,23.0,45.0,29.0
710,2020-12-11,116.0,92.0,93.0,55.0,254.0,35.0,23.0,54.0,33.0
711,2020-12-12,122.0,142.0,39.0,71.0,122.0,55.0,28.0,56.0,58.0
712,2020-12-13,83.0,79.0,20.0,66.0,104.0,25.0,13.0,37.0,20.0
713,2020-12-14,122.0,88.0,112.0,62.0,177.0,31.0,21.0,60.0,58.0
714,2020-12-15,156.0,102.0,107.0,64.0,177.0,57.0,22.0,48.0,67.0
715,2020-12-16,134.0,83.0,119.0,60.0,260.0,53.0,29.0,62.0,50.0
716,2020-12-17,157.0,142.0,120.0,70.0,276.0,54.0,50.0,64.0,59.0
717,2020-12-18,145.0,164.0,105.0,98.0,342.0,74.0,65.0,68.0,55.0
718,2020-12-19,111.0,120.0,37.0,73.0,142.0,43.0,35.0,67.0,40.0
719,2020-12-20,93.0,114.0,26.0,74.0,146.0,24.0,23.0,49.0,13.0
720,2020-12-21,125.0,105.0,89.0,56.0,71.0,32.0,33.0,54.0,48.0
721,2020-12-22,137.0,122.0,107.0,68.0,165.0,44.0,34.0,65.0,76.0
722,2020-12-23,139.0,133.0,86.0,86.0,159.0,30.0,40.0,54.0,58.0
723,2020-12-24,120.0,118.0,49.0,68.0,107.0,26.0,24.0,47.0,47.0
724,2020-12-25,52.0,63.0,11.0,28.0,77.0,15.0,18.0,17.0,14.0
725,2020-12-26,72.0,101.0,20.0,63.0,165.0,34.0,23.0,32.0,31.0
726,2020-12-27,55.0,66.0,10.0,34.0,48.0,22.0,11.0,47.0,22.0
727,2020-12-28,98.0,103.0,57.0,57.0,83.0,28.0,23.0,72.0,33.0
728,2020-12-29,83.0,81.0,31.0,43.0,90.0,28.0,5.0,35.0,12.0
729,2020-12-30,111.0,104.0,59.0,54.0,151.0,38.0,29.0,40.0,45.0
730,2020-12-31,104.0,108.0,38.0,59.0,138.0,22.0,19.0,50.0,34.0
731,2021-01-01,92.0,123.0,15.0,48.0,135.0,19.0,25.0,32.0,44.0
732,2021-01-02,109.0,72.0,84.0,42.0,114.0,30.0,35.0,57.0,21.0
733,2021-01-03,116.0,91.0,108.0,49.0,294.0,55.0,21.0,44.0,51.0
734,2021-01-04,153.0,130.0,104.0,86.0,377.0,51.0,30.0,43.0,63.0
735,2021-01-05,106.0,116.0,24.0,49.0,119.0,28.0,34.0,35.0,31.0
736,2021-01-06,175.0,154.0,180.0,73.0,453.0,101.0,46.0,108.0,84.0
737,2021-01-07,176.0,184.0,130.0,80.0,425.0,56.0,47.0,74.0,67.0
738,2021-01-08,138.0,206.0,22.0,97.0,304.0,54.0,38.0,74.0,54.0
739,2021-01-09,165.0,131.0,119.0,62.0,373.0,59.0,48.0,69.0,67.0
740,2021-01-10,199.0,161.0,134.0,81.0,346.0,76.0,47.0,84.0,73.0
741,2021-01-11,109.0,136.0,34.0,54.0,135.0,51.0,49.0,50.0,30.0
742,2021-01-12,154.0,118.0,116.0,73.0,174.0,59.0,30.0,37.0,49.0
743,2021-01-13,136.0,84.0,112.0,30.0,129.0,46.0,22.0,43.0,48.0
744,2021-01-14,149.0,82.0,120.0,56.0,134.0,36.0,31.0,50.0,60.0
745,2021-01-15,146.0,118.0,119.0,55.0,261.0,62.0,49.0,73.0,58.0
746,2021-01-16,80.0,117.0,27.0,49.0,83.0,41.0,20.0,35.0,29.0
747,2021-01-17,66.0,84.0,15.0,29.0,114.0,36.0,16.0,30.0,26.0
748,2021-01-18,99.0,98.0,96.0,63.0,223.0,41.0,32.0,40.0,47.0
749,2021-01-19,122.0,87.0,101.0,34.0,201.0,47.0,45.0,35.0,51.0
750,2021-01-20,121.0,77.0,94.0,41.0,210.0,33.0,28.0,62.0,44.0
751,2021-01-21,93.0,86.0,81.0,42.0,107.0,14.0,20.0,34.0,58.0
752,2021-01-22,146.0,119.0,99.0,66.0,205.0,50.0,33.0,57.0,47.0
753,2021-01-23,126.0,142.0,28.0,47.0,127.0,36.0,23.0,65.0,47.0
754,2021-01-24,104.0,156.0,26.0,68.0,123.0,28.0,58.0,39.0,32.0
755,2021-01-25,125.0,98.0,91.0,46.0,209.0,41.0,37.0,43.0,57.0
756,2021-01-26,114.0,81.0,117.0,56.0,254.0,37.0,31.0,49.0,39.0
757,2021-01-27,108.0,84.0,88.0,57.0,113.0,39.0,23.0,46.0,37.0
758,2021-01-28,131.0,82.0,97.0,44.0,124.0,23.0,42.0,45.0,50.0
759,2021-01-29,135.0,97.0,106.0,61.0,222.0,39.0,21.0,65.0,56.0
760,2021-01-30,114.0,129.0,40.0,31.0,89.0,28.0,39.0,48.0,38.0
761,2021-01-31,86.0,101.0,15.0,27.0,87.0,36.0,25.0,25.0,19.0
762,2021-02-01,88.0,104.0,24.0,43.0,138.0,30.0,17.0,36.0,38.0
763,2021-02-02,100.0,66.0,85.0,33.0,133.0,25.0,29.0,42.0,32.0
764,2021-02-03,119.0,73.0,99.0,47.0,255.0,44.0,20.0,56.0,35.0
765,2021-02-04,172.0,152.0,100.0,83.0,406.0,38.0,48.0,51.0,70.0
766,2021-02-05,83.0,114.0,19.0,52.0,186.0,10.0,23.0,30.0,47.0
767,2021-02-06,173.0,154.0,129.0,91.0,388.0,58.0,54.0,52.0,66.0
768,2021-02-07,195.0,208.0,98.0,89.0,452.0,63.0,65.0,78.0,52.0
769,2021-02-08,134.0,160.0,72.0,90.0,319.0,44.0,48.0,69.0,63.0
770,2021-02-09,147.0,141.0,111.0,74.0,350.0,58.0,52.0,48.0,67.0
771,2021-02-10,185.0,239.0,62.0,98.0,251.0,72.0,63.0,62.0,68.0
772,2021-02-11,137.0,129.0,93.0,74.0,241.0,64.0,30.0,55.0,56.0
773,2021-02-12,152.0,124.0,111.0,86.0,248.0,47.0,47.0,48.0,66.0
774,2021-02-13,105.0,126.0,30.0,48.0,219.0,28.0,32.0,32.0,24.0
775,2021-02-14,63.0,87.0,11.0,37.0,147.0,29.0,16.0,40.0,18.0
776,2021-02-15,93.0,76.0,70.0,45.0,184.0,26.0,16.0,26.0,49.0
777,2021-02-16,104.0,75.0,91.0,43.0,194.0,41.0,29.0,37.0,48.0
778,2021-02-17,92.0,79.0,73.0,27.0,228.0,34.0,28.0,36.0,32.0
779,2021-02-18,116.0,90.0,92.0,54.0,188.0,37.0,26.0,24.0,41.0
780,2021-02-19,133.0,113.0,112.0,56.0,321.0,50.0,29.0,63.0,51.0
781,2021-02-20,123.0,162.0,37.0,57.0,300.0,50.0,36.0,48.0,27.0
782,2021-02-21,81.0,160.0,14.0,58.0,219.0,21.0,45.0,25.0,36.0
783,2021-02-22,75.0,64.0,64.0,31.0,151.0,32.0,15.0,32.0,48.0
784,2021-02-23,131.0,101.0,93.0,48.0,298.0,45.0,32.0,48.0,54.0
785,2021-02-24,138.0,92.0,105.0,50.0,318.0,50.0,23.0,53.0,50.0
786,2021-02-25,117.0,91.0,119.0,44.0,308.0,40.0,36.0,58.0,49.0
787,2021-02-26,140.0,114.0,92.0,54.0,304.0,64.0,22.0,71.0,48.0
788,2021-02-27,147.0,227.0,35.0,89.0,356.0,61.0,41.0,81.0,44.0
789,2021-02-28,113.0,156.0,29.0,60.0,278.0,42.0,34.0,42.0,47.0
790,2021-03-01,67.0,95.0,14.0,45.0,110.0,26.0,20.0,54.0,25.0
791,2021-03-02,118.0,82.0,93.0,57.0,131.0,46.0,31.0,45.0,40.0
792,2021-03-03,128.0,79.0,96.0,54.0,252.0,27.0,27.0,44.0,44.0
793,2021-03-04,118.0,174.0,42.0,71.0,295.0,53.0,41.0,19.0,38.0
794,2021-03-05,151.0,112.0,122.0,57.0,360.0,52.0,30.0,61.0,92.0
795,2021-03-06,148.0,122.0,102.0,75.0,333.0,49.0,33.0,19.0,65.0
796,2021-03-07,201.0,277.0,44.0,117.0,361.0,55.0,61.0,60.0,80.0
797,2021-03-08,126.0,130.0,94.0,63.0,226.0,64.0,42.0,59.0,55.0
798,2021-03-09,187.0,184.0,91.0,92.0,400.0,81.0,61.0,65.0,73.0
799,2021-03-10,131.0,121.0,53.0,64.0,130.0,46.0,40.0,54.0,39.0
800,2021-03-11,156.0,116.0,118.0,63.0,209.0,57.0,31.0,80.0,62.0
801,2021-03-12,204.0,154.0,142.0,95.0,173.0,67.0,53.0,82.0,77.0
802,2021-03-13,126.0,140.0,45.0,52.0,159.0,50.0,12.0,43.0,52.0
803,2021-03-14,102.0,128.0,29.0,41.0,184.0,64.0,34.0,36.0,43.0
804,2021-03-15,118.0,81.0,82.0,42.0,183.0,37.0,40.0,26.0,45.0
805,2021-03-16,112.0,81.0,72.0,41.0,171.0,33.0,28.0,21.0,28.0
806,2021-03-17,148.0,114.0,95.0,89.0,201.0,36.0,42.0,33.0,72.0
807,2021-03-18,91.0,49.0,77.0,31.0,147.0,25.0,26.0,39.0,34.0
808,2021-03-19,127.0,98.0,114.0,44.0,281.0,45.0,38.0,61.0,51.0
809,2021-03-20,103.0,146.0,44.0,64.0,286.0,55.0,25.0,22.0,30.0
810,2021-03-21,72.0,107.0,31.0,47.0,183.0,28.0,13.0,40.0,35.0
811,2021-03-22,97.0,71.0,69.0,34.0,197.0,31.0,30.0,38.0,44.0
812,2021-03-23,148.0,113.0,120.0,77.0,341.0,43.0,46.0,51.0,53.0
813,2021-03-24,150.0,116.0,118.0,61.0,340.0,49.0,32.0,56.0,68.0
814,2021-03-25,139.0,120.0,95.0,56.0,271.0,41.0,25.0,37.0,47.0
815,2021-03-26,118.0,113.0,88.0,63.0,260.0,43.0,27.0,46.0,49.0
816,2021-03-27,123.0,175.0,43.0,75.0,293.0,46.0,53.0,49.0,33.0
817,2021-03-28,111.0,179.0,20.0,80.0,279.0,39.0,26.0,29.0,39.0
818,2021-03-29,150.0,111.0,89.0,64.0,301.0,39.0,36.0,36.0,45.0
819,2021-03-30,117.0,91.0,87.0,59.0,284.0,58.0,22.0,49.0,46.0
820,2021-03-31,145.0,127.0,93.0,75.0,330.0,54.0,17.0,40.0,39.0
821,2021-04-01,115.0,105.0,72.0,60.0,137.0,38.0,32.0,47.0,60.0
822,2021-04-02,103.0,58.0,94.0,34.0,168.0,34.0,10.0,36.0,47.0
823,2021-04-03,100.0,69.0,68.0,32.0,198.0,40.0,20.0,39.0,18.0
824,2021-04-04,96.0,154.0,13.0,64.0,244.0,34.0,27.0,26.0,30.0
825,2021-04-05,140.0,101.0,129.0,55.0,240.0,43.0,38.0,55.0,40.0
826,2021-04-06,170.0,150.0,120.0,87.0,276.0,64.0,73.0,65.0,85.0
827,2021-04-07,141.0,199.0,21.0,71.0,215.0,37.0,41.0,70.0,62.0
828,2021-04-08,108.0,88.0,63.0,59.0,151.0,49.0,43.0,46.0,44.0
829,2021-04-09,163.0,246.0,36.0,79.0,376.0,58.0,41.0,60.0,53.0
830,2021-04-10,140.0,129.0,105.0,62.0,257.0,71.0,50.0,55.0,43.0
831,2021-04-11,156.0,101.0,90.0,70.0,176.0,52.0,25.0,51.0,73.0
832,2021-04-12,169.0,230.0,51.0,86.0,109.0,44.0,58.0,90.0,77.0
833,2021-04-13,99.0,63.0,90.0,19.0,215.0,53.0,20.0,36.0,26.0
834,2021-04-14,99.0,85.0,71.0,56.0,243.0,29.0,35.0,34.0,40.0
835,2021-04-15,134.0,138.0,97.0,74.0,317.0,49.0,42.0,47.0,54.0
836,2021-04-16,114.0,101.0,83.0,53.0,277.0,51.0,28.0,50.0,61.0
837,2021-04-17,102.0,107.0,37.0,52.0,221.0,35.0,25.0,27.0,41.0
838,2021-04-18,80.0,110.0,13.0,57.0,195.0,14.0,46.0,17.0,30.0
839,2021-04-19,101.0,79.0,75.0,50.0,256.0,31.0,22.0,23.0,50.0
840,2021-04-20,106.0,117.0,82.0,79.0,288.0,28.0,54.0,32.0,52.0
841,2021-04-21,103.0,115.0,79.0,61.0,269.0,49.0,18.0,40.0,43.0
842,2021-04-22,115.0,115.0,71.0,53.0,256.0,42.0,22.0,31.0,37.0
843,2021-04-23,167.0,164.0,73.0,73.0,397.0,45.0,55.0,33.0,67.0
844,2021-04-24,134.0,205.0,29.0,80.0,335.0,51.0,26.0,54.0,57.0
845,2021-04-25,90.0,139.0,17.0,57.0,226.0,18.0,29.0,28.0,39.0
846,2021-04-26,120.0,95.0,79.0,53.0,240.0,46.0,18.0,43.0,65.0
847,2021-04-27,132.0,96.0,100.0,49.0,247.0,29.0,34.0,53.0,55.0
848,2021-04-28,120.0,84.0,87.0,50.0,218.0,39.0,29.0,40.0,59.0
849,2021-04-29,94.0,89.0,78.0,39.0,206.0,39.0,21.0,28.0,53.0
850,2021-04-30,133.0,114.0,93.0,55.0,262.0,41.0,24.0,37.0,49.0
851,2021-05-01,86.0,72.0,65.0,24.0,164.0,22.0,13.0,21.0,31.0
852,2021-05-02,107.0,92.0,75.0,55.0,218.0,36.0,37.0,29.0,37.0
853,2021-05-03,141.0,125.0,89.0,61.0,318.0,47.0,40.0,45.0,28.0
854,2021-05-04,62.0,74.0,18.0,41.0,137.0,19.0,23.0,24.0,20.0
855,2021-05-05,130.0,105.0,98.0,60.0,244.0,44.0,25.0,38.0,34.0
856,2021-05-06,160.0,217.0,38.0,102.0,352.0,54.0,52.0,57.0,61.0
857,2021-05-07,169.0,170.0,87.0,89.0,295.0,50.0,35.0,73.0,63.0
858,2021-05-08,126.0,116.0,77.0,85.0,267.0,55.0,22.0,36.0,55.0
859,2021-05-09,158.0,247.0,34.0,85.0,356.0,52.0,42.0,74.0,79.0
860,2021-05-10,177.0,119.0,132.0,78.0,191.0,53.0,46.0,47.0,52.0
861,2021-05-11,162.0,142.0,100.0,75.0,388.0,56.0,30.0,49.0,68.0
862,2021-05-12,175.0,189.0,30.0,77.0,144.0,55.0,36.0,102.0,65.0
863,2021-05-13,102.0,148.0,23.0,55.0,199.0,32.0,29.0,40.0,37.0
864,2021-05-14,133.0,139.0,79.0,56.0,219.0,44.0,47.0,52.0,49.0
865,2021-05-15,118.0,132.0,24.0,70.0,131.0,46.0,41.0,30.0,43.0
866,2021-05-16,119.0,155.0,29.0,58.0,141.0,39.0,25.0,77.0,46.0
867,2021-05-17,105.0,83.0,96.0,40.0,160.0,59.0,22.0,51.0,45.0
868,2021-05-18,143.0,112.0,116.0,70.0,274.0,46.0,28.0,67.0,43.0
869,2021-05-19,160.0,145.0,96.0,101.0,303.0,49.0,60.0,80.0,62.0
870,2021-05-20,133.0,139.0,83.0,73.0,324.0,55.0,29.0,54.0,52.0
871,2021-05-21,175.0,160.0,95.0,72.0,333.0,49.0,60.0,42.0,57.0
872,2021-05-22,140.0,200.0,32.0,101.0,268.0,59.0,31.0,99.0,60.0
873,2021-05-23,144.0,232.0,28.0,80.0,351.0,47.0,48.0,44.0,60.0
874,2021-05-24,102.0,132.0,31.0,75.0,138.0,18.0,21.0,27.0,39.0
875,2021-05-25,160.0,126.0,116.0,72.0,298.0,52.0,45.0,53.0,57.0
876,2021-05-26,159.0,143.0,109.0,70.0,297.0,84.0,29.0,77.0,61.0
877,2021-05-27,193.0,197.0,122.0,73.0,466.0,92.0,44.0,94.0,87.0
878,2021-05-28,185.0,179.0,122.0,98.0,458.0,72.0,70.0,54.0,74.0
879,2021-05-29,180.0,257.0,48.0,101.0,457.0,56.0,53.0,46.0,85.0
880,2021-05-30,163.0,253.0,28.0,107.0,411.0,49.0,66.0,69.0,68.0
881,2021-05-31,202.0,175.0,108.0,86.0,439.0,50.0,23.0,65.0,63.0
882,2021-06-01,96.0,84.0,77.0,32.0,164.0,34.0,30.0,32.0,49.0
883,2021-06-02,106.0,120.0,28.0,49.0,98.0,42.0,24.0,46.0,36.0
884,2021-06-03,111.0,159.0,44.0,54.0,291.0,41.0,25.0,46.0,51.0
885,2021-06-04,95.0,69.0,77.0,39.0,208.0,18.0,25.0,28.0,18.0
886,2021-06-05,160.0,114.0,148.0,76.0,177.0,57.0,44.0,66.0,55.0
887,2021-06-06,179.0,254.0,34.0,85.0,390.0,83.0,64.0,64.0,54.0
888,2021-06-07,166.0,149.0,108.0,80.0,349.0,73.0,46.0,51.0,64.0
889,2021-06-08,144.0,176.0,68.0,93.0,355.0,78.0,48.0,65.0,53.0
890,2021-06-09,167.0,135.0,139.0,87.0,405.0,88.0,29.0,61.0,78.0
891,2021-06-10,181.0,140.0,152.0,86.0,395.0,69.0,57.0,65.0,55.0
892,2021-06-11,128.0,165.0,42.0,77.0,325.0,62.0,40.0,72.0,57.0
893,2021-06-12,158.0,112.0,119.0,66.0,173.0,60.0,59.0,52.0,65.0
894,2021-06-13,179.0,299.0,40.0,134.0,468.0,87.0,57.0,62.0,102.0
895,2021-06-14,183.0,169.0,149.0,78.0,428.0,62.0,73.0,78.0,69.0
896,2021-06-15,181.0,177.0,147.0,91.0,475.0,73.0,48.0,77.0,73.0
897,2021-06-16,227.0,194.0,151.0,113.0,515.0,83.0,76.0,96.0,103.0
898,2021-06-17,175.0,137.0,119.0,83.0,311.0,50.0,64.0,58.0,63.0
899,2021-06-18,219.0,186.0,117.0,91.0,469.0,63.0,76.0,74.0,64.0
900,2021-06-19,170.0,230.0,43.0,90.0,306.0,47.0,59.0,62.0,89.0
901,2021-06-20,112.0,180.0,22.0,69.0,216.0,33.0,33.0,44.0,59.0
902,2021-06-21,129.0,122.0,86.0,74.0,308.0,52.0,30.0,76.0,72.0
903,2021-06-22,170.0,164.0,86.0,82.0,265.0,67.0,39.0,88.0,64.0
904,2021-06-23,123.0,112.0,90.0,44.0,252.0,57.0,24.0,40.0,46.0
905,2021-06-24,151.0,150.0,114.0,76.0,361.0,56.0,43.0,76.0,61.0
906,2021-06-25,166.0,162.0,113.0,90.0,403.0,69.0,54.0,61.0,69.0
907,2021-06-26,167.0,261.0,33.0,87.0,333.0,76.0,75.0,61.0,66.0
908,2021-06-27,171.0,237.0,40.0,113.0,288.0,64.0,54.0,108.0,54.0
909,2021-06-28,173.0,151.0,101.0,82.0,305.0,62.0,43.0,81.0,52.0
910,2021-06-29,170.0,137.0,114.0,76.0,259.0,64.0,38.0,73.0,62.0
911,2021-06-30,152.0,130.0,98.0,57.0,299.0,62.0,33.0,45.0,50.0
912,2021-07-01,125.0,94.0,109.0,53.0,182.0,24.0,30.0,59.0,52.0
913,2021-07-02,75.0,91.0,16.0,38.0,77.0,15.0,37.0,35.0,20.0
914,2021-07-03,89.0,171.0,20.0,59.0,233.0,34.0,32.0,34.0,52.0
915,2021-07-04,101.0,76.0,75.0,40.0,230.0,39.0,25.0,29.0,31.0
916,2021-07-05,170.0,166.0,108.0,77.0,388.0,63.0,48.0,51.0,56.0
917,2021-07-06,169.0,138.0,135.0,81.0,395.0,57.0,48.0,44.0,59.0
918,2021-07-07,181.0,158.0,98.0,83.0,361.0,77.0,44.0,107.0,68.0
919,2021-07-08,154.0,201.0,37.0,87.0,251.0,51.0,22.0,74.0,52.0
920,2021-07-09,185.0,162.0,140.0,78.0,456.0,88.0,55.0,74.0,79.0
921,2021-07-10,149.0,102.0,108.0,53.0,343.0,57.0,35.0,47.0,53.0
922,2021-07-11,128.0,155.0,26.0,66.0,236.0,54.0,33.0,54.0,54.0
923,2021-07-12,152.0,91.0,131.0,67.0,158.0,56.0,35.0,61.0,59.0
924,2021-07-13,142.0,143.0,100.0,64.0,169.0,82.0,29.0,81.0,37.0
925,2021-07-14,136.0,195.0,29.0,78.0,250.0,41.0,38.0,37.0,59.0
926,2021-07-15,148.0,151.0,75.0,77.0,309.0,60.0,54.0,55.0,53.0
927,2021-07-16,160.0,192.0,91.0,78.0,388.0,66.0,36.0,95.0,79.0
928,2021-07-17,181.0,268.0,48.0,112.0,399.0,59.0,77.0,65.0,67.0
929,2021-07-18,159.0,268.0,23.0,91.0,420.0,88.0,62.0,90.0,51.0
930,2021-07-19,181.0,183.0,118.0,108.0,419.0,86.0,62.0,70.0,46.0
931,2021-07-20,177.0,145.0,107.0,81.0,403.0,91.0,63.0,65.0,58.0
932,2021-07-21,148.0,152.0,88.0,68.0,359.0,64.0,59.0,54.0,35.0
933,2021-07-22,149.0,147.0,88.0,76.0,380.0,62.0,37.0,55.0,56.0
934,2021-07-23,163.0,177.0,85.0,95.0,388.0,56.0,51.0,68.0,65.0
935,2021-07-24,167.0,282.0,34.0,116.0,323.0,64.0,56.0,89.0,56.0
936,2021-07-25,149.0,227.0,26.0,115.0,263.0,55.0,60.0,47.0,48.0
937,2021-07-26,133.0,130.0,92.0,79.0,262.0,54.0,44.0,48.0,59.0
938,2021-07-27,147.0,149.0,89.0,81.0,223.0,67.0,34.0,36.0,43.0
939,2021-07-28,153.0,127.0,81.0,75.0,308.0,48.0,31.0,43.0,49.0
940,2021-07-29,158.0,177.0,75.0,87.0,396.0,54.0,45.0,56.0,67.0
941,2021-07-30,163.0,175.0,83.0,86.0,367.0,50.0,67.0,43.0,57.0
942,2021-07-31,147.0,210.0,34.0,97.0,313.0,59.0,61.0,44.0,49.0
943,2021-08-01,153.0,114.0,116.0,74.0,314.0,54.0,39.0,49.0,74.0
944,2021-08-02,99.0,56.0,65.0,38.0,129.0,21.0,26.0,31.0,29.0
945,2021-08-03,118.0,81.0,101.0,46.0,258.0,34.0,22.0,36.0,29.0
946,2021-08-04,102.0,91.0,80.0,48.0,254.0,36.0,24.0,38.0,36.0
947,2021-08-05,149.0,224.0,26.0,74.0,338.0,49.0,39.0,39.0,47.0
948,2021-08-06,186.0,152.0,148.0,77.0,439.0,61.0,44.0,65.0,85.0
949,2021-08-07,161.0,147.0,125.0,70.0,363.0,73.0,47.0,55.0,64.0
950,2021-08-08,114.0,202.0,25.0,70.0,263.0,53.0,47.0,54.0,30.0
951,2021-08-09,177.0,172.0,128.0,88.0,410.0,68.0,62.0,60.0,71.0
952,2021-08-10,183.0,157.0,159.0,71.0,469.0,70.0,63.0,51.0,66.0
953,2021-08-11,142.0,108.0,116.0,67.0,335.0,46.0,35.0,72.0,52.0
954,2021-08-12,151.0,120.0,134.0,82.0,213.0,50.0,35.0,71.0,70.0
955,2021-08-13,156.0,221.0,81.0,92.0,394.0,48.0,44.0,61.0,66.0
956,2021-08-14,137.0,230.0,44.0,87.0,376.0,50.0,41.0,36.0,42.0
957,2021-08-15,104.0,197.0,16.0,75.0,280.0,28.0,32.0,36.0,53.0
958,2021-08-16,144.0,148.0,71.0,65.0,287.0,43.0,41.0,58.0,50.0
959,2021-08-17,105.0,142.0,79.0,57.0,290.0,44.0,34.0,43.0,57.0
960,2021-08-18,100.0,117.0,52.0,66.0,238.0,46.0,36.0,36.0,59.0
961,2021-08-19,97.0,146.0,59.0,51.0,274.0,27.0,64.0,40.0,49.0
962,2021-08-20,158.0,187.0,74.0,96.0,423.0,55.0,99.0,64.0,74.0
963,2021-08-21,153.0,248.0,38.0,97.0,335.0,59.0,58.0,55.0,48.0
964,2021-08-22,128.0,201.0,20.0,86.0,278.0,33.0,30.0,56.0,22.0
965,2021-08-23,109.0,106.0,63.0,57.0,259.0,47.0,38.0,44.0,38.0
966,2021-08-24,126.0,108.0,80.0,52.0,266.0,59.0,47.0,36.0,60.0
967,2021-08-25,140.0,142.0,99.0,86.0,374.0,73.0,35.0,69.0,33.0
968,2021-08-26,127.0,133.0,85.0,62.0,312.0,51.0,39.0,61.0,60.0
969,2021-08-27,172.0,238.0,96.0,109.0,490.0,67.0,81.0,53.0,71.0
970,2021-08-28,184.0,253.0,47.0,114.0,404.0,52.0,64.0,81.0,62.0
971,2021-08-29,112.0,203.0,27.0,81.0,276.0,50.0,31.0,44.0,43.0
972,2021-08-30,146.0,139.0,68.0,79.0,321.0,67.0,34.0,73.0,56.0
973,2021-08-31,168.0,143.0,103.0,68.0,401.0,72.0,44.0,58.0,67.0
974,2021-09-01,93.0,120.0,26.0,45.0,204.0,39.0,32.0,52.0,23.0
975,2021-09-02,106.0,56.0,91.0,30.0,171.0,37.0,36.0,33.0,37.0
976,2021-09-03,105.0,71.0,116.0,44.0,274.0,39.0,19.0,39.0,43.0
977,2021-09-04,103.0,92.0,68.0,55.0,204.0,38.0,33.0,49.0,34.0
978,2021-09-05,115.0,201.0,29.0,76.0,273.0,35.0,36.0,69.0,42.0
979,2021-09-06,220.0,224.0,144.0,111.0,519.0,80.0,90.0,86.0,78.0
980,2021-09-07,176.0,169.0,94.0,92.0,424.0,78.0,58.0,61.0,80.0
981,2021-09-08,116.0,132.0,77.0,64.0,282.0,37.0,23.0,50.0,46.0
982,2021-09-09,153.0,91.0,98.0,52.0,275.0,37.0,44.0,66.0,43.0
983,2021-09-10,228.0,306.0,69.0,148.0,558.0,82.0,79.0,78.0,51.0
984,2021-09-11,149.0,110.0,108.0,50.0,307.0,62.0,42.0,48.0,42.0
985,2021-09-12,194.0,134.0,158.0,74.0,321.0,101.0,60.0,66.0,62.0
986,2021-09-13,160.0,158.0,129.0,80.0,415.0,70.0,51.0,69.0,51.0
987,2021-09-14,177.0,146.0,110.0,80.0,273.0,41.0,30.0,43.0,43.0
988,2021-09-15,173.0,154.0,111.0,83.0,238.0,65.0,65.0,62.0,63.0
989,2021-09-16,142.0,103.0,106.0,64.0,281.0,57.0,40.0,40.0,46.0
990,2021-09-17,198.0,172.0,127.0,103.0,464.0,76.0,69.0,44.0,83.0
991,2021-09-18,187.0,290.0,46.0,91.0,396.0,70.0,55.0,70.0,82.0
992,2021-09-19,105.0,184.0,26.0,65.0,240.0,41.0,36.0,47.0,43.0
993,2021-09-20,151.0,111.0,107.0,63.0,245.0,71.0,38.0,70.0,53.0
994,2021-09-21,169.0,150.0,134.0,86.0,403.0,55.0,55.0,59.0,61.0
995,2021-09-22,175.0,154.0,131.0,93.0,446.0,62.0,66.0,69.0,84.0
996,2021-09-23,214.0,179.0,145.0,84.0,468.0,78.0,59.0,96.0,51.0
997,2021-09-24,210.0,177.0,128.0,85.0,472.0,56.0,42.0,79.0,66.0
998,2021-09-25,181.0,261.0,55.0,100.0,414.0,72.0,41.0,71.0,68.0
999,2021-09-26,147.0,225.0,27.0,89.0,270.0,48.0,62.0,61.0,70.0
1000,2021-09-27,152.0,129.0,113.0,69.0,292.0,32.0,21.0,56.0,31.0
1001,2021-09-28,175.0,111.0,126.0,82.0,379.0,74.0,48.0,54.0,50.0
1002,2021-09-29,172.0,139.0,113.0,88.0,353.0,46.0,46.0,64.0,62.0
1003,2021-09-30,180.0,160.0,139.0,77.0,440.0,93.0,36.0,74.0,67.0
1004,2021-10-01,85.0,84.0,18.0,44.0,168.0,17.0,38.0,43.0,19.0
1005,2021-10-02,117.0,82.0,99.0,30.0,146.0,40.0,36.0,61.0,38.0
1006,2021-10-03,127.0,107.0,101.0,60.0,255.0,64.0,15.0,40.0,37.0
1007,2021-10-04,89.0,82.0,39.0,47.0,97.0,24.0,13.0,36.0,29.0
1008,2021-10-05,120.0,101.0,90.0,75.0,207.0,48.0,25.0,25.0,39.0
1009,2021-10-06,214.0,201.0,144.0,87.0,511.0,62.0,47.0,98.0,65.0
1010,2021-10-07,158.0,255.0,30.0,98.0,377.0,66.0,62.0,85.0,41.0
1011,2021-10-08,126.0,128.0,76.0,60.0,293.0,60.0,31.0,34.0,50.0
1012,2021-10-09,182.0,150.0,133.0,92.0,356.0,56.0,36.0,101.0,69.0
1013,2021-10-10,153.0,212.0,15.0,86.0,331.0,77.0,60.0,64.0,36.0
1014,2021-10-11,154.0,136.0,121.0,78.0,307.0,50.0,47.0,58.0,49.0
1015,2021-10-12,176.0,133.0,98.0,67.0,204.0,58.0,37.0,55.0,78.0
1016,2021-10-13,177.0,129.0,145.0,84.0,419.0,60.0,40.0,59.0,76.0
1017,2021-10-14,179.0,162.0,121.0,87.0,439.0,48.0,33.0,64.0,77.0
1018,2021-10-15,166.0,149.0,118.0,84.0,393.0,52.0,56.0,73.0,65.0
1019,2021-10-16,226.0,274.0,66.0,113.0,489.0,101.0,72.0,87.0,78.0
1020,2021-10-17,160.0,232.0,30.0,88.0,369.0,78.0,58.0,64.0,50.0
1021,2021-10-18,157.0,116.0,117.0,63.0,318.0,58.0,43.0,71.0,65.0
1022,2021-10-19,196.0,157.0,137.0,98.0,442.0,65.0,46.0,88.0,50.0
1023,2021-10-20,158.0,113.0,135.0,88.0,287.0,57.0,38.0,57.0,65.0
1024,2021-10-21,182.0,125.0,138.0,77.0,269.0,58.0,34.0,50.0,70.0
1025,2021-10-22,229.0,195.0,145.0,114.0,524.0,60.0,72.0,80.0,88.0
1026,2021-10-23,149.0,215.0,43.0,80.0,379.0,64.0,46.0,70.0,62.0
1027,2021-10-24,149.0,231.0,28.0,97.0,375.0,62.0,49.0,63.0,79.0
1028,2021-10-25,139.0,111.0,107.0,67.0,276.0,58.0,47.0,49.0,84.0
1029,2021-10-26,132.0,104.0,90.0,58.0,262.0,38.0,51.0,46.0,34.0
1030,2021-10-27,162.0,136.0,140.0,79.0,382.0,73.0,32.0,74.0,65.0
1031,2021-10-28,198.0,155.0,135.0,75.0,421.0,73.0,53.0,61.0,57.0
1032,2021-10-29,188.0,141.0,89.0,108.0,285.0,69.0,48.0,73.0,82.0
1033,2021-10-30,146.0,194.0,41.0,80.0,151.0,47.0,41.0,75.0,63.0
1034,2021-10-31,137.0,197.0,22.0,101.0,187.0,75.0,37.0,57.0,49.0
1035,2021-11-01,133.0,102.0,107.0,47.0,240.0,34.0,47.0,40.0,33.0
1036,2021-11-02,108.0,67.0,81.0,44.0,187.0,69.0,21.0,24.0,34.0
1037,2021-11-03,103.0,64.0,98.0,39.0,167.0,46.0,15.0,61.0,42.0
1038,2021-11-04,66.0,117.0,22.0,45.0,94.0,21.0,50.0,38.0,25.0
1039,2021-11-05,114.0,95.0,100.0,64.0,227.0,46.0,35.0,41.0,46.0
1040,2021-11-06,237.0,260.0,141.0,135.0,589.0,72.0,76.0,82.0,84.0
1041,2021-11-07,155.0,238.0,20.0,91.0,344.0,48.0,54.0,62.0,38.0
1042,2021-11-08,123.0,134.0,56.0,62.0,294.0,44.0,20.0,36.0,45.0
1043,2021-11-09,153.0,239.0,27.0,92.0,400.0,66.0,53.0,60.0,77.0
1044,2021-11-10,134.0,107.0,120.0,70.0,317.0,62.0,26.0,53.0,61.0
1045,2021-11-11,110.0,115.0,32.0,52.0,215.0,47.0,51.0,36.0,31.0
1046,2021-11-12,167.0,190.0,58.0,78.0,297.0,51.0,52.0,73.0,53.0
1047,2021-11-13,144.0,190.0,27.0,99.0,209.0,65.0,48.0,111.0,49.0
1048,2021-11-14,109.0,171.0,27.0,87.0,181.0,56.0,29.0,40.0,38.0
1049,2021-11-15,166.0,113.0,133.0,75.0,219.0,53.0,46.0,62.0,55.0
1050,2021-11-16,163.0,102.0,142.0,71.0,260.0,58.0,19.0,56.0,46.0
1051,2021-11-17,166.0,104.0,129.0,59.0,252.0,72.0,51.0,39.0,57.0
1052,2021-11-18,168.0,111.0,123.0,71.0,357.0,62.0,34.0,72.0,75.0
1053,2021-11-19,163.0,156.0,142.0,82.0,394.0,70.0,61.0,90.0,63.0
1054,2021-11-20,119.0,163.0,36.0,61.0,240.0,55.0,36.0,64.0,40.0
1055,2021-11-21,113.0,136.0,23.0,60.0,111.0,42.0,39.0,43.0,25.0
1056,2021-11-22,140.0,100.0,124.0,56.0,267.0,37.0,46.0,63.0,66.0
1057,2021-11-23,137.0,116.0,116.0,60.0,298.0,49.0,45.0,58.0,50.0
1058,2021-11-24,147.0,132.0,138.0,56.0,301.0,37.0,45.0,67.0,68.0
1059,2021-11-25,157.0,101.0,116.0,62.0,175.0,48.0,40.0,58.0,49.0
1060,2021-11-26,177.0,173.0,104.0,85.0,185.0,90.0,39.0,83.0,55.0
1061,2021-11-27,149.0,176.0,44.0,92.0,119.0,45.0,37.0,58.0,54.0
1062,2021-11-28,101.0,151.0,21.0,61.0,149.0,21.0,38.0,37.0,47.0
1063,2021-11-29,156.0,89.0,122.0,66.0,276.0,54.0,28.0,84.0,60.0
1064,2021-11-30,140.0,101.0,134.0,76.0,227.0,44.0,43.0,61.0,48.0
1065,2021-12-01,154.0,118.0,131.0,59.0,146.0,53.0,31.0,51.0,60.0
1066,2021-12-02,105.0,79.0,92.0,50.0,169.0,40.0,18.0,51.0,26.0
1067,2021-12-03,130.0,90.0,91.0,75.0,217.0,46.0,17.0,50.0,52.0
1068,2021-12-04,99.0,69.0,81.0,51.0,216.0,43.0,16.0,34.0,53.0
1069,2021-12-05,147.0,137.0,88.0,79.0,293.0,68.0,26.0,63.0,47.0
1070,2021-12-06,180.0,283.0,46.0,111.0,455.0,64.0,49.0,57.0,81.0
1071,2021-12-07,156.0,161.0,75.0,90.0,180.0,51.0,36.0,63.0,48.0
1072,2021-12-08,137.0,162.0,75.0,78.0,355.0,59.0,50.0,64.0,70.0
1073,2021-12-09,164.0,245.0,25.0,93.0,388.0,76.0,69.0,73.0,50.0
1074,2021-12-10,197.0,134.0,154.0,79.0,417.0,77.0,53.0,83.0,58.0
1075,2021-12-11,132.0,160.0,62.0,80.0,272.0,25.0,51.0,27.0,57.0
1076,2021-12-12,106.0,133.0,19.0,65.0,180.0,29.0,39.0,64.0,54.0
1077,2021-12-13,153.0,148.0,124.0,81.0,291.0,60.0,35.0,79.0,52.0
1078,2021-12-14,139.0,98.0,123.0,55.0,261.0,44.0,23.0,62.0,43.0
1079,2021-12-15,135.0,112.0,88.0,63.0,271.0,43.0,38.0,27.0,49.0
1080,2021-12-16,135.0,109.0,83.0,67.0,285.0,41.0,19.0,38.0,62.0
1081,2021-12-17,189.0,173.0,124.0,93.0,422.0,41.0,69.0,74.0,68.0
1082,2021-12-18,138.0,197.0,43.0,83.0,327.0,83.0,36.0,48.0,50.0
1083,2021-12-19,124.0,173.0,18.0,76.0,229.0,57.0,61.0,42.0,46.0
1084,2021-12-20,93.0,94.0,67.0,69.0,211.0,19.0,30.0,32.0,49.0
1085,2021-12-21,135.0,115.0,97.0,65.0,313.0,67.0,49.0,56.0,37.0
1086,2021-12-22,128.0,111.0,100.0,72.0,286.0,63.0,48.0,23.0,37.0
1087,2021-12-23,128.0,135.0,90.0,71.0,288.0,35.0,43.0,48.0,45.0
1088,2021-12-24,99.0,120.0,46.0,49.0,122.0,17.0,30.0,38.0,46.0
1089,2021-12-25,83.0,139.0,18.0,62.0,117.0,30.0,35.0,40.0,43.0
1090,2021-12-26,102.0,132.0,13.0,53.0,107.0,46.0,14.0,51.0,42.0
1091,2021-12-27,117.0,115.0,53.0,60.0,98.0,27.0,13.0,43.0,41.0
1092,2021-12-28,122.0,106.0,77.0,58.0,130.0,32.0,29.0,60.0,49.0
1093,2021-12-29,87.0,94.0,35.0,34.0,65.0,38.0,27.0,47.0,53.0
1094,2021-12-30,109.0,130.0,47.0,57.0,226.0,41.0,33.0,58.0,63.0
1095,2021-12-31,117.0,138.0,34.0,65.0,232.0,46.0,20.0,54.0,33.0
1096,2022-01-01,,141.5,15.0,60.0,158.5,22.5,34.0,51.0,41.0
1097,2022-01-02,,109.5,106.5,62.5,159.0,37.0,48.5,47.5,55.0
1098,2022-01-03,,95.0,98.5,55.5,253.0,54.5,26.5,43.5,48.5
1099,2022-01-04,,115.0,102.5,68.5,335.0,50.0,30.0,44.5,59.0
1100,2022-01-05,,158.5,23.0,55.5,207.5,26.5,38.5,28.5,30.5
1101,2022-01-06,,200.5,119.0,89.5,416.0,82.0,44.5,85.5,67.5
1102,2022-01-07,,174.5,124.0,84.5,417.5,62.5,47.0,72.0,66.0
1103,2022-01-08,,174.5,57.0,83.0,314.5,50.0,41.0,60.5,48.5
1104,2022-01-09,,165.0,71.5,69.5,320.0,46.5,48.5,53.0,61.0
1105,2022-01-10,,143.5,121.0,76.0,261.5,69.5,33.0,63.0,61.5
1106,2022-01-11,,163.5,33.0,75.5,124.0,46.0,42.0,54.5,46.0
1107,2022-01-12,,140.0,71.0,81.5,168.5,51.5,37.0,47.0,48.0
1108,2022-01-13,,114.0,73.5,43.5,128.5,42.5,27.0,41.0,55.5
1109,2022-01-14,,98.0,109.0,59.5,198.5,36.5,25.5,63.0,60.5
1110,2022-01-15,,122.5,118.0,59.0,288.0,49.0,35.0,60.0,47.5
1111,2022-01-16,,117.0,65.5,53.0,189.0,38.5,22.0,41.0,41.5
1112,2022-01-17,,93.5,64.0,41.0,160.0,44.5,15.5,42.0,40.5
1113,2022-01-18,,136.0,117.5,85.0,302.0,43.5,44.5,50.0,66.5
1114,2022-01-19,,133.0,72.5,62.0,215.0,43.5,36.5,53.0,63.5
1115,2022-01-20,,102.5,60.0,45.0,173.0,33.0,26.5,42.0,42.5
1116,2022-01-21,,90.5,92.5,50.5,190.5,44.0,19.5,39.5,60.0
1117,2022-01-22,,105.0,89.0,57.0,160.0,38.5,35.0,49.0,40.0
1118,2022-01-23,,114.5,56.5,57.5,130.0,28.0,30.0,47.5,47.0
1119,2022-01-24,,131.0,59.0,63.5,172.0,31.0,43.5,45.0,37.0
1120,2022-01-25,,106.5,97.0,57.0,203.0,47.5,44.0,54.0,77.5
1121,2022-01-26,,137.0,77.0,57.5,204.5,49.5,33.0,53.0,53.5
1122,2022-01-27,,103.0,54.5,54.5,103.0,33.0,27.5,51.5,40.0
1123,2022-01-28,,84.5,95.0,45.5,165.0,25.0,34.5,40.0,61.0
1124,2022-01-29,,92.5,92.0,56.0,193.0,37.5,25.5,58.0,59.0
1125,2022-01-30,,124.0,65.5,43.0,130.0,30.0,37.5,54.0,52.5
1126,2022-01-31,,101.0,59.0,38.5,121.5,30.5,20.5,36.0,43.5
1127,2022-02-01,,104.0,32.0,44.5,175.5,25.0,22.0,31.5,45.0
1128,2022-02-02,,113.5,61.0,40.0,119.5,29.0,32.0,49.5,39.5
1129,2022-02-03,,114.0,61.0,58.5,232.5,34.5,29.0,49.5,49.0
1130,2022-02-04,,135.5,113.5,76.5,325.5,46.0,42.5,62.0,74.5
1131,2022-02-05,,116.5,76.0,58.0,249.0,27.0,22.0,49.5,60.0
1132,2022-02-06,,198.5,77.0,88.5,374.0,44.0,59.5,55.0,67.0
1133,2022-02-07,,176.5,135.5,86.5,450.5,64.0,54.5,67.5,75.0
1134,2022-02-08,,189.5,85.0,92.0,372.5,55.0,53.5,71.5,64.0
1135,2022-02-09,,135.0,96.5,71.0,338.5,50.5,44.0,43.5,52.0
1136,2022-02-10,,185.0,97.0,98.0,288.5,59.5,54.5,57.5,65.0
1137,2022-02-11,,166.0,71.0,85.5,194.0,48.0,40.0,56.0,54.5
1138,2022-02-12,,117.5,120.5,69.0,298.5,58.5,41.5,55.0,70.0
1139,2022-02-13,,124.5,65.0,65.0,268.5,36.0,28.0,43.5,44.0
1140,2022-02-14,,111.5,56.5,57.5,243.5,40.0,32.5,44.0,39.0
1141,2022-02-15,,146.5,90.5,62.0,313.5,39.0,29.0,56.5,59.5
1142,2022-02-16,,162.5,68.5,69.5,288.0,51.0,30.5,49.0,60.0
1143,2022-02-17,,147.5,48.0,51.5,262.5,33.5,28.5,53.0,40.0
1144,2022-02-18,,101.5,90.5,54.5,237.5,44.5,21.0,47.0,48.0
1145,2022-02-19,,100.5,102.0,52.5,301.5,44.0,20.5,50.5,53.0
1146,2022-02-20,,133.0,65.5,53.5,283.5,43.5,34.0,41.0,35.5
1147,2022-02-21,,137.0,60.0,52.5,259.5,34.5,33.0,42.0,49.5
1148,2022-02-22,,120.0,75.5,51.0,258.5,41.0,26.5,46.0,55.0
1149,2022-02-23,,163.5,57.0,58.0,310.5,44.5,46.0,42.5,51.0
1150,2022-02-24,,134.0,62.0,54.5,287.0,44.0,25.0,52.5,56.0
1151,2022-02-25,,116.5,116.0,62.0,327.0,44.5,33.0,47.5,60.0
1152,2022-02-26,,129.5,101.0,59.0,321.0,60.5,27.0,61.5,61.5
1153,2022-02-27,,168.0,65.5,64.0,328.5,48.0,32.0,66.5,56.0
1154,2022-02-28,,136.0,55.0,61.5,270.0,35.5,27.5,43.0,46.5
1155,2022-03-01,,105.0,41.5,44.5,158.5,28.5,17.5,59.5,22.0
1156,2022-03-02,,112.0,56.0,54.0,165.0,50.0,24.5,51.0,39.0
1157,2022-03-03,,118.5,57.0,58.0,227.5,26.0,19.5,38.5,39.0
1158,2022-03-04,,150.5,66.0,72.0,242.0,52.0,44.5,37.5,55.5
1159,2022-03-05,,126.0,100.0,56.5,302.5,60.5,27.5,55.0,75.5
1160,2022-03-06,,116.5,108.0,70.0,303.0,47.0,28.5,42.5,59.5
1161,2022-03-07,,225.0,78.5,108.0,400.5,67.5,54.5,77.5,85.0
1162,2022-03-08,,165.0,66.5,67.0,263.0,55.0,38.0,51.5,49.5
1163,2022-03-09,,152.0,100.0,75.5,374.5,63.5,58.0,59.5,62.0
1164,2022-03-10,,117.5,80.0,65.0,242.0,43.0,36.5,53.5,55.5
1165,2022-03-11,,149.5,68.5,72.0,147.5,60.0,33.0,86.0,72.0
1166,2022-03-12,,148.5,147.0,86.0,265.0,70.0,48.0,82.5,81.0
1167,2022-03-13,,132.0,70.0,51.0,189.5,43.5,17.5,44.0,53.0
1168,2022-03-14,,121.0,65.0,53.0,155.5,45.0,28.5,37.0,57.5
1169,2022-03-15,,112.0,91.5,60.0,219.5,38.0,46.0,34.5,53.0
1170,2022-03-16,,138.5,50.0,60.5,249.0,41.5,27.0,33.5,45.0
1171,2022-03-17,,136.5,57.0,79.5,198.5,35.0,39.5,53.0,56.5
1172,2022-03-18,,77.5,103.0,46.5,221.0,43.0,22.5,45.0,44.0
1173,2022-03-19,,94.0,116.0,47.0,297.0,48.5,40.0,66.5,56.0
1174,2022-03-20,,129.0,67.5,59.0,294.0,48.0,28.0,32.0,41.0
1175,2022-03-21,,119.5,77.0,56.5,278.0,42.0,24.5,56.5,43.0
1176,2022-03-22,,143.5,96.0,68.5,315.5,52.0,34.5,57.0,67.0
1177,2022-03-23,,185.0,84.5,94.5,364.0,50.5,53.5,63.0,51.5
1178,2022-03-24,,155.0,67.0,58.0,305.5,39.0,40.0,49.5,53.5
1179,2022-03-25,,111.0,106.5,56.5,289.0,39.5,32.5,34.0,48.0
1180,2022-03-26,,122.5,107.0,65.5,311.0,40.0,33.5,49.0,45.0
1181,2022-03-27,,161.0,76.5,76.5,337.5,52.5,41.0,61.0,54.5
1182,2022-03-28,,143.0,76.0,73.5,318.5,43.5,28.0,48.5,52.5
1183,2022-03-29,,143.0,92.0,83.5,365.5,53.0,39.5,61.0,60.0
1184,2022-03-30,,159.0,64.0,70.0,327.0,62.5,29.0,51.0,62.5
1185,2022-03-31,,214.5,60.0,86.5,374.0,58.0,35.0,45.0,51.5
1186,2022-04-01,,117.0,69.0,59.5,202.5,37.0,35.0,48.5,51.5
1187,2022-04-02,,81.0,99.0,37.5,189.5,36.0,16.0,42.5,47.0
1188,2022-04-03,,84.5,67.0,42.5,162.5,48.5,17.5,42.0,33.0
1189,2022-04-04,,146.5,87.5,71.0,304.0,45.5,29.5,44.0,58.5
1190,2022-04-05,,127.0,86.5,55.0,192.5,32.5,34.0,46.5,43.0
1191,2022-04-06,,150.0,101.5,88.0,289.0,58.5,47.0,53.0,62.5
1192,2022-04-07,,195.5,84.0,92.5,347.0,56.0,46.5,64.0,76.5
1193,2022-04-08,,160.0,39.5,60.5,223.5,40.0,43.0,43.5,42.0
1194,2022-04-09,,175.5,82.5,72.5,366.5,48.0,39.5,58.0,51.5
1195,2022-04-10,,149.0,106.5,77.5,286.0,67.0,51.0,55.5,66.5
1196,2022-04-11,,118.0,119.0,74.5,206.0,54.5,32.5,77.5,88.5
1197,2022-04-12,,189.5,88.0,87.5,239.0,44.0,65.0,76.5,82.5
1198,2022-04-13,,155.5,64.0,57.0,305.5,39.5,50.5,46.0,42.0
1199,2022-04-14,,145.0,51.0,68.0,267.0,42.5,29.5,38.5,49.5
1200,2022-04-15,,110.0,97.5,63.5,292.5,47.0,30.5,53.5,55.0
1201,2022-04-16,,109.5,92.5,65.5,262.5,44.0,26.0,45.0,57.0
1202,2022-04-17,,123.0,70.5,58.5,291.0,38.5,21.5,26.0,55.0
1203,2022-04-18,,127.5,59.0,65.5,285.0,39.5,43.5,42.5,33.0
1204,2022-04-19,,146.0,94.5,68.5,347.5,52.5,32.5,35.0,65.0
1205,2022-04-20,,184.5,60.5,93.0,334.5,36.5,57.0,46.5,56.5
1206,2022-04-21,,152.0,47.5,62.5,257.0,41.0,21.5,44.5,44.5
1207,2022-04-22,,154.0,49.0,62.5,262.0,36.0,26.5,37.5,44.0
1208,2022-04-23,,138.0,77.5,69.5,317.5,38.0,36.0,41.0,56.0
1209,2022-04-24,,155.0,63.0,69.0,259.0,46.0,23.5,52.0,49.5
1210,2022-04-25,,123.0,60.0,61.0,201.0,37.0,36.5,37.5,43.0
1211,2022-04-26,,127.5,98.5,72.0,281.0,48.0,31.0,61.5,60.5
1212,2022-04-27,,119.5,67.5,61.5,209.0,38.5,28.5,52.0,51.0
1213,2022-04-28,,133.0,53.0,52.5,187.5,36.5,30.0,31.0,45.5
1214,2022-04-29,,98.5,80.5,52.0,238.5,50.0,20.5,39.5,54.5
1215,2022-04-30,,123.0,99.5,59.0,306.5,53.0,25.0,45.0,63.0
1216,2022-05-01,,113.5,53.0,49.5,186.5,29.0,22.0,44.5,54.5
1217,2022-05-02,,98.5,75.5,50.0,219.5,42.0,36.5,41.0,51.0
1218,2022-05-03,,111.0,90.5,61.0,273.0,41.5,33.0,43.0,44.0
1219,2022-05-04,,120.5,63.5,60.0,262.0,47.5,28.5,55.0,41.0
1220,2022-05-05,,127.5,63.5,59.0,239.5,37.0,21.5,48.5,43.0
1221,2022-05-06,,178.0,72.5,93.0,287.0,47.0,52.0,54.5,61.0
1222,2022-05-07,,182.0,114.0,95.5,389.5,55.0,46.0,63.5,64.5
1223,2022-05-08,,141.5,81.0,80.5,294.5,59.5,29.0,57.5,51.5
1224,2022-05-09,,181.0,66.0,77.5,352.5,55.5,38.5,68.5,74.5
1225,2022-05-10,,181.0,86.0,90.0,236.5,62.0,48.5,55.0,63.0
1226,2022-05-11,,145.0,117.0,77.0,314.5,55.0,24.5,50.5,73.5
1227,2022-05-12,,146.0,77.0,73.5,195.5,44.5,34.0,74.5,70.5
1228,2022-05-13,,155.0,73.0,68.0,297.5,51.5,39.0,47.5,50.0
1229,2022-05-14,,130.5,107.5,64.0,307.5,61.5,47.5,66.5,55.5
1230,2022-05-15,,131.0,75.5,72.5,244.0,60.5,38.0,39.0,55.0
1231,2022-05-16,,129.5,71.0,62.5,227.0,46.0,34.5,69.5,53.0
1232,2022-05-17,,121.5,88.0,60.0,207.5,56.0,35.5,42.5,48.5
1233,2022-05-18,,148.0,73.5,76.5,247.0,45.5,41.0,60.5,55.0
1234,2022-05-19,,158.5,59.0,90.0,227.5,47.5,47.5,68.5,46.5
1235,2022-05-20,,124.5,84.0,64.5,284.0,60.0,34.0,55.5,55.0
1236,2022-05-21,,132.5,93.5,67.0,297.5,42.5,40.5,35.5,56.0
1237,2022-05-22,,173.5,68.0,81.5,322.5,47.5,27.5,80.5,62.5
1238,2022-05-23,,178.5,62.5,78.5,345.5,44.5,33.5,49.0,60.5
1239,2022-05-24,,144.0,74.0,73.5,263.5,43.0,29.5,55.5,58.5
1240,2022-05-25,,174.5,78.0,91.0,324.5,43.0,45.5,57.0,55.0
1241,2022-05-26,,182.5,65.0,76.5,312.5,60.5,34.5,62.0,56.0
1242,2022-05-27,,158.5,114.5,71.5,369.5,75.0,30.5,62.5,69.0
1243,2022-05-28,,148.0,116.5,85.0,366.5,53.0,54.0,55.0,66.0
1244,2022-05-29,,208.0,81.5,92.5,431.0,54.0,50.0,63.0,73.0
1245,2022-05-30,,239.0,31.0,99.5,376.0,57.0,55.0,56.5,70.5
1246,2022-05-31,,185.5,96.5,81.5,412.5,55.5,34.5,52.5,55.0
1247,2022-06-01,,106.5,45.5,41.5,167.0,33.5,26.0,46.5,38.0
1248,2022-06-02,,116.0,62.0,55.5,147.0,39.5,30.5,46.5,50.5
1249,2022-06-03,,125.0,70.5,57.5,217.5,39.5,24.0,40.5,55.5
1250,2022-06-04,,136.5,58.0,60.0,233.0,26.5,31.0,42.5,49.5
1251,2022-06-05,,108.5,129.0,67.5,248.0,49.0,43.0,64.0,59.5
1252,2022-06-06,,189.5,72.5,80.5,369.5,74.0,43.0,70.5,61.0
1253,2022-06-07,,220.0,76.5,91.0,388.5,58.5,55.5,60.5,74.0
1254,2022-06-08,,153.0,67.5,76.5,298.5,62.0,39.0,53.5,59.0
1255,2022-06-09,,166.5,143.5,89.5,439.5,83.5,33.5,88.5,86.5
1256,2022-06-10,,177.5,91.5,91.5,302.5,48.5,41.0,65.5,58.0
1257,2022-06-11,,141.0,76.5,77.5,275.5,59.0,33.5,65.5,59.5
1258,2022-06-12,,142.5,122.0,82.0,201.5,68.5,47.5,68.0,79.0
1259,2022-06-13,,213.5,88.5,95.5,393.0,70.5,45.5,63.0,79.0
1260,2022-06-14,,173.5,130.0,80.0,400.0,49.0,60.0,74.5,71.0
1261,2022-06-15,,192.5,90.5,98.5,402.0,61.0,53.5,80.5,68.5
1262,2022-06-16,,263.5,85.5,114.0,466.0,68.0,68.0,83.5,76.0
1263,2022-06-17,,149.5,126.5,79.0,358.0,55.0,53.0,59.5,67.5
1264,2022-06-18,,163.5,109.5,78.0,429.0,60.5,54.5,75.5,69.0
1265,2022-06-19,,180.0,73.0,78.5,322.0,53.5,43.5,46.0,79.5
1266,2022-06-20,,161.5,63.5,75.5,270.0,51.5,38.0,55.5,57.5
1267,2022-06-21,,178.5,107.0,98.5,402.5,60.5,47.5,78.5,85.0
1268,2022-06-22,,213.0,65.0,100.5,339.5,57.5,60.5,75.0,75.5
1269,2022-06-23,,171.0,61.0,72.5,307.0,56.0,34.5,52.0,50.0
1270,2022-06-24,,161.0,127.5,77.0,373.0,61.0,49.0,67.0,61.0
1271,2022-06-25,,143.0,111.0,82.0,388.0,73.0,36.0,62.5,69.0
1272,2022-06-26,,214.5,79.5,92.0,362.0,71.5,76.5,62.0,62.0
1273,2022-06-27,,186.5,102.0,102.0,341.5,67.5,44.5,86.5,68.0
1274,2022-06-28,,190.5,112.0,97.5,394.0,83.0,57.0,75.0,71.0
1275,2022-06-29,,200.5,74.5,102.5,341.0,60.5,34.5,77.5,65.0
1276,2022-06-30,,220.0,66.0,93.0,358.5,58.0,62.0,64.5,51.0
1277,2022-07-01,,95.5,97.5,52.5,189.0,34.0,24.0,59.0,46.0
1278,2022-07-02,,118.5,78.0,53.0,194.5,40.5,33.5,53.0,49.5
1279,2022-07-03,,136.0,62.0,59.0,250.0,37.5,26.0,57.0,59.5
1280,2022-07-04,,119.0,48.5,48.0,221.0,38.0,23.5,38.0,34.0
1281,2022-07-05,,148.0,103.5,74.5,369.0,64.5,39.5,58.0,55.0
1282,2022-07-06,,173.0,122.0,85.0,357.5,60.0,44.5,62.0,57.5
1283,2022-07-07,,220.0,66.0,94.0,374.5,62.0,51.5,85.0,74.0
1284,2022-07-08,,175.0,55.5,85.5,278.5,44.0,26.0,68.5,56.0
1285,2022-07-09,,212.0,91.5,105.0,431.0,71.5,68.0,66.5,69.5
1286,2022-07-10,,114.5,111.0,64.5,317.0,56.5,33.0,50.0,65.5
1287,2022-07-11,,140.5,74.0,82.5,229.0,52.0,35.5,68.0,55.0
1288,2022-07-12,,147.5,81.0,75.5,216.0,57.0,36.5,63.0,54.5
1289,2022-07-13,,208.0,66.0,83.5,280.5,64.5,42.0,67.0,50.0
1290,2022-07-14,,217.0,28.5,89.0,304.0,59.0,39.5,42.5,55.0
1291,2022-07-15,,142.5,97.5,75.0,340.0,63.5,42.5,63.5,56.5
1292,2022-07-16,,181.5,100.5,79.0,390.0,66.5,48.0,69.5,75.5
1293,2022-07-17,,226.0,82.0,101.0,402.5,57.5,58.0,67.0,71.0
1294,2022-07-18,,199.5,59.5,76.0,371.5,63.5,55.0,65.5,53.0
1295,2022-07-19,,188.0,110.5,98.0,411.5,65.5,53.0,71.5,63.0
1296,2022-07-20,,213.5,79.0,98.5,405.0,73.5,65.0,71.5,66.5
1297,2022-07-21,,194.5,52.5,71.5,345.5,50.5,59.0,43.0,42.5
1298,2022-07-22,,122.5,88.5,63.0,327.0,54.5,30.5,52.0,45.0
1299,2022-07-23,,166.5,85.0,79.0,347.5,60.5,42.5,64.0,58.5
1300,2022-07-24,,227.5,61.0,103.0,345.0,63.0,49.5,61.0,52.0
1301,2022-07-25,,201.5,56.0,95.5,305.5,54.5,61.5,56.0,57.0
1302,2022-07-26,,152.5,98.5,76.5,300.5,57.5,45.5,70.5,58.0
1303,2022-07-27,,183.0,64.0,89.5,231.5,50.5,39.0,66.5,59.0
1304,2022-07-28,,142.0,49.0,72.0,257.5,36.0,26.5,30.5,40.0
1305,2022-07-29,,170.5,83.5,77.5,363.0,51.0,42.0,66.5,59.5
1306,2022-07-30,,157.0,81.0,74.0,346.5,58.5,58.0,56.5,60.0
1307,2022-07-31,,166.5,56.5,76.0,296.5,52.5,50.0,51.5,41.5
1308,2022-08-01,,110.5,109.0,65.5,269.5,49.0,29.5,49.5,61.5
1309,2022-08-02,,115.0,89.0,70.0,201.0,44.5,27.5,55.5,49.0
1310,2022-08-03,,99.5,100.0,51.0,282.0,35.5,25.0,33.5,51.0
1311,2022-08-04,,103.0,86.0,58.0,273.5,42.0,26.5,42.5,36.0
1312,2022-08-05,,200.0,25.0,66.0,207.5,34.0,40.5,41.0,47.5
1313,2022-08-06,,196.5,96.0,76.5,393.5,62.5,51.0,59.0,72.0
1314,2022-08-07,,136.0,123.0,76.5,355.0,71.0,44.5,51.0,58.5
1315,2022-08-08,,166.0,53.0,56.5,276.5,38.5,44.5,43.0,36.5
1316,2022-08-09,,191.0,77.0,75.5,352.5,64.5,52.5,54.0,52.5
1317,2022-08-10,,144.0,144.0,74.5,328.5,59.0,44.0,57.5,62.0
1318,2022-08-11,,134.5,113.5,73.0,328.5,46.5,33.5,74.0,58.0
1319,2022-08-12,,159.5,81.0,91.0,202.0,56.5,31.0,73.0,66.0
1320,2022-08-13,,190.0,74.0,86.5,335.0,46.0,49.0,58.5,56.5
1321,2022-08-14,,182.5,62.0,80.0,330.0,39.5,44.0,32.5,45.0
1322,2022-08-15,,167.5,18.0,66.5,235.5,28.0,35.0,30.5,47.0
1323,2022-08-16,,154.5,71.5,69.5,293.5,45.0,44.0,49.0,49.0
1324,2022-08-17,,188.5,57.5,79.5,234.5,50.5,29.0,66.0,52.5
1325,2022-08-18,,166.5,41.5,75.0,245.0,42.0,45.5,67.5,51.0
1326,2022-08-19,,131.0,54.0,55.0,260.5,40.0,42.0,29.5,54.0
1327,2022-08-20,,158.0,68.5,82.5,337.5,47.5,66.0,57.5,66.5
1328,2022-08-21,,183.5,58.5,79.0,302.0,51.5,42.0,55.5,47.0
1329,2022-08-22,,182.5,44.5,82.0,299.5,37.5,44.5,52.5,32.5
1330,2022-08-23,,134.5,69.5,71.0,299.0,46.0,45.5,45.0,45.5
1331,2022-08-24,,168.0,63.0,68.5,309.0,44.0,43.0,49.5,50.5
1332,2022-08-25,,200.0,59.5,91.0,370.0,63.5,31.5,77.0,49.5
1333,2022-08-26,,126.0,90.5,61.5,294.0,46.5,33.0,61.5,57.0
1334,2022-08-27,,185.0,84.0,87.0,383.5,44.5,64.0,43.0,54.0
1335,2022-08-28,,195.5,53.5,87.0,343.5,53.0,45.5,59.5,60.0
1336,2022-08-29,,191.5,59.0,86.0,322.5,53.0,35.0,60.5,49.5
1337,2022-08-30,,152.5,80.5,83.5,357.5,62.0,42.5,77.5,58.0
1338,2022-08-31,,227.0,64.5,100.5,406.0,61.5,60.0,51.5,69.0
1339,2022-09-01,,115.0,63.0,49.0,217.0,40.5,31.5,60.0,43.5
1340,2022-09-02,,127.0,65.5,56.5,210.0,43.5,36.0,40.5,52.0
1341,2022-09-03,,123.5,76.5,60.5,236.5,39.0,18.5,41.5,48.0
1342,2022-09-04,,85.0,83.0,55.5,225.0,37.5,27.5,46.0,43.0
1343,2022-09-05,,152.0,64.5,65.0,236.0,37.5,28.5,62.0,48.5
1344,2022-09-06,,235.5,82.5,104.0,410.0,62.5,72.5,72.5,70.0
1345,2022-09-07,,164.0,118.0,84.5,417.5,74.5,55.5,72.5,79.5
1346,2022-09-08,,165.5,77.5,76.5,302.0,48.5,38.0,50.0,57.5
1347,2022-09-09,,109.5,102.5,67.5,299.0,54.0,36.0,63.0,52.0
1348,2022-09-10,,205.5,106.5,112.0,401.0,68.5,59.0,71.5,53.5
1349,2022-09-11,,169.0,72.5,73.5,298.0,54.5,38.5,49.0,54.5
1350,2022-09-12,,129.5,149.5,74.0,270.0,81.5,46.0,71.5,62.5
1351,2022-09-13,,170.0,144.0,92.0,445.0,69.5,60.0,81.5,62.0
1352,2022-09-14,,205.5,72.5,94.0,344.5,51.0,39.5,58.0,51.5
1353,2022-09-15,,211.0,69.5,87.0,320.0,59.0,57.5,68.0,66.0
1354,2022-09-16,,116.0,121.5,75.0,333.0,59.0,39.0,41.0,61.5
1355,2022-09-17,,147.5,113.5,84.5,404.5,63.5,50.5,40.5,73.0
1356,2022-09-18,,206.5,90.5,85.5,391.0,60.0,51.5,78.5,84.0
1357,2022-09-19,,170.0,75.5,77.0,319.0,49.0,39.5,49.0,55.5
1358,2022-09-20,,158.5,120.5,86.5,358.0,70.5,48.0,77.0,63.5
1359,2022-09-21,,175.5,85.5,80.0,359.0,54.5,65.0,46.5,51.5
1360,2022-09-22,,176.0,83.5,90.5,315.0,46.5,58.5,74.5,73.0
1361,2022-09-23,,150.0,134.0,81.5,390.0,53.5,40.5,79.0,61.0
1362,2022-09-24,,137.5,125.5,75.0,321.5,51.0,36.0,72.0,57.5
1363,2022-09-25,,205.5,90.5,90.5,304.5,68.0,45.0,74.0,60.0
1364,2022-09-26,,157.5,78.0,76.5,249.0,48.0,50.0,51.5,69.5
1365,2022-09-27,,140.0,97.5,74.5,296.5,42.0,28.0,63.0,53.0
1366,2022-09-28,,176.5,79.0,93.5,373.0,65.0,45.5,59.5,55.0
1367,2022-09-29,,173.5,69.0,87.5,282.0,31.5,50.0,44.5,62.5
1368,2022-09-30,,137.5,141.5,82.0,399.0,82.5,35.5,68.5,60.5
1369,2022-10-01,,102.0,61.5,55.5,220.0,26.0,38.5,42.5,33.5
1370,2022-10-02,,126.5,59.5,49.0,131.0,40.0,28.0,71.5,41.5
1371,2022-10-03,,140.5,60.5,70.5,219.5,48.0,18.0,42.5,43.0
1372,2022-10-04,,106.0,76.0,68.0,183.0,38.5,21.0,36.0,50.5
1373,2022-10-05,,115.0,97.5,73.5,240.5,39.5,31.5,43.0,64.5
1374,2022-10-06,,173.0,85.0,76.5,342.5,49.5,36.0,74.0,49.5
1375,2022-10-07,,215.5,66.0,92.5,392.0,68.0,54.5,69.0,63.5
1376,2022-10-08,,178.5,53.0,67.0,298.0,50.0,29.5,41.5,50.5
1377,2022-10-09,,131.5,122.5,77.5,338.0,60.0,37.0,80.0,73.0
1378,2022-10-10,,185.5,71.0,90.0,348.5,60.0,54.0,59.5,47.0
1379,2022-10-11,,154.0,69.0,78.0,232.5,45.0,40.5,55.0,45.0
1380,2022-10-12,,137.5,123.0,74.5,279.5,60.0,32.5,56.0,80.0
1381,2022-10-13,,166.5,85.0,86.5,373.5,72.0,41.5,62.0,63.5
1382,2022-10-14,,133.5,109.0,70.5,352.5,45.0,35.0,55.5,69.5
1383,2022-10-15,,146.0,119.0,82.0,289.5,57.0,42.0,76.0,59.5
1384,2022-10-16,,202.5,78.0,92.5,324.0,80.5,57.5,66.5,73.5
1385,2022-10-17,,183.0,74.0,91.0,283.0,64.5,45.5,60.0,51.5
1386,2022-10-18,,136.0,117.0,79.0,302.0,57.5,51.0,72.0,75.5
1387,2022-10-19,,181.0,86.0,104.5,327.5,54.0,44.0,73.5,60.0
1388,2022-10-20,,191.5,78.0,111.5,210.5,61.0,36.5,76.5,69.5
1389,2022-10-21,,115.0,115.0,79.0,233.5,46.0,30.5,61.0,60.0
1390,2022-10-22,,150.5,133.5,99.0,386.5,62.0,52.0,74.0,80.0
1391,2022-10-23,,144.5,74.5,70.0,287.5,50.0,51.5,65.0,63.0
1392,2022-10-24,,187.0,58.5,99.5,345.5,60.0,46.5,80.0,67.0
1393,2022-10-25,,147.5,103.0,84.5,317.0,58.0,41.0,58.5,74.5
1394,2022-10-26,,176.5,70.0,91.0,351.5,50.0,48.5,57.5,48.5
1395,2022-10-27,,173.5,81.0,98.0,303.0,63.0,37.0,67.5,59.5
1396,2022-10-28,,144.0,114.5,72.0,312.5,54.0,39.0,49.5,56.5
1397,2022-10-29,,125.5,98.0,90.0,253.0,67.0,37.5,58.0,73.5
1398,2022-10-30,,155.0,64.5,66.5,188.5,50.5,36.5,53.5,55.5
1399,2022-10-31,,175.0,65.0,101.5,202.0,65.0,37.0,51.5,56.0
1400,2022-11-01,,128.5,120.0,60.0,248.0,41.0,33.0,43.0,53.0
1401,2022-11-02,,77.0,81.0,44.5,212.5,52.0,22.0,36.0,43.0
1402,2022-11-03,,87.0,87.0,47.5,205.5,52.0,19.0,50.5,40.5
1403,2022-11-04,,123.5,60.5,48.5,200.5,34.0,35.5,47.5,49.5
1404,2022-11-05,,147.5,66.0,68.5,227.5,43.0,45.5,49.5,53.5
1405,2022-11-06,,181.5,128.0,107.0,388.5,61.0,58.0,73.0,87.0
1406,2022-11-07,,195.0,61.5,86.0,366.0,51.5,46.5,70.5,59.5
1407,2022-11-08,,162.0,37.0,73.0,277.5,35.5,32.5,45.0,51.5
1408,2022-11-09,,184.5,67.5,96.0,397.0,63.5,52.5,56.0,76.0
1409,2022-11-10,,157.0,128.0,90.0,390.5,63.5,46.0,67.5,61.0
1410,2022-11-11,,117.5,27.0,64.5,171.5,34.0,40.5,48.0,43.0
1411,2022-11-12,,155.5,89.5,74.5,226.0,55.5,35.5,73.0,67.5
1412,2022-11-13,,145.5,69.5,87.0,226.5,56.5,47.5,78.5,60.5
1413,2022-11-14,,135.5,64.0,79.0,187.0,52.5,29.5,51.0,57.5
1414,2022-11-15,,150.0,128.0,85.0,195.5,57.0,51.0,79.5,74.5
1415,2022-11-16,,132.5,88.0,79.5,234.5,52.0,29.0,58.0,47.0
1416,2022-11-17,,112.0,71.0,62.0,218.0,49.0,39.5,39.5,45.5
1417,2022-11-18,,114.0,119.5,74.0,294.5,52.0,34.0,58.5,75.5
1418,2022-11-19,,144.5,127.5,78.5,359.5,59.5,51.5,72.0,56.5
1419,2022-11-20,,126.0,58.5,57.5,256.0,41.0,24.5,57.5,41.5
1420,2022-11-21,,139.5,70.5,75.0,174.0,45.0,36.0,49.0,49.0
1421,2022-11-22,,147.5,115.0,74.5,299.0,48.5,48.0,62.5,69.0
1422,2022-11-23,,142.5,81.5,77.0,211.0,49.5,40.5,55.5,59.5
1423,2022-11-24,,152.0,79.5,71.5,254.5,38.0,40.5,54.0,61.0
1424,2022-11-25,,128.5,115.5,72.0,225.5,50.0,45.0,58.0,58.5
1425,2022-11-26,,122.5,121.5,71.0,209.0,63.0,44.5,78.0,43.0
1426,2022-11-27,,161.0,72.5,79.5,151.5,53.5,32.5,60.5,51.0
1427,2022-11-28,,127.0,63.0,65.5,176.5,26.5,35.0,43.5,50.5
1428,2022-11-29,,131.0,116.0,89.0,287.0,56.5,30.5,75.5,79.5
1429,2022-11-30,,138.5,89.5,77.0,256.5,34.5,45.5,62.0,58.5
1430,2022-12-01,,151.5,83.5,55.5,152.0,43.0,31.0,61.0,53.5
1431,2022-12-02,,102.0,97.5,59.0,239.0,48.5,30.0,72.0,46.0
1432,2022-12-03,,93.5,98.0,62.5,216.5,33.5,25.0,40.5,58.0
1433,2022-12-04,,117.0,99.5,67.5,303.0,48.5,25.0,55.0,68.0
1434,2022-12-05,,183.0,53.0,84.5,294.0,53.5,26.5,49.5,49.5
1435,2022-12-06,,214.0,72.5,98.5,363.5,69.0,41.5,69.5,80.0
1436,2022-12-07,,191.5,93.0,100.5,321.5,63.5,42.5,79.5,62.0
1437,2022-12-08,,141.0,71.0,78.0,288.5,54.0,40.5,62.5,57.0
1438,2022-12-09,,202.5,72.5,91.0,386.5,66.5,48.0,72.5,62.0
1439,2022-12-10,,166.5,98.5,80.5,359.5,69.0,41.5,61.5,50.5
1440,2022-12-11,,139.0,113.5,77.5,266.0,41.5,41.0,52.0,53.5
1441,2022-12-12,,137.5,92.0,77.5,168.5,34.5,45.0,68.0,65.0
1442,2022-12-13,,150.5,129.0,88.5,232.5,52.5,31.0,88.5,66.5
1443,2022-12-14,,153.5,82.0,72.5,233.5,48.5,19.5,77.0,45.0
1444,2022-12-15,,163.5,59.0,81.0,257.5,38.5,36.0,43.0,53.0
1445,2022-12-16,,122.0,101.5,70.0,243.0,42.0,21.0,36.5,63.0
1446,2022-12-17,,143.0,116.5,78.0,329.5,38.0,51.0,53.0,56.0
1447,2022-12-18,,159.0,82.5,80.5,348.5,67.5,31.5,55.0,62.5
1448,2022-12-19,,148.0,68.0,70.5,258.0,57.0,54.0,47.5,45.5
1449,2022-12-20,,157.5,99.5,94.5,224.5,40.5,54.0,59.5,77.0
1450,2022-12-21,,152.0,61.0,70.5,257.0,60.5,42.5,65.5,49.0
1451,2022-12-22,,130.0,61.5,76.5,204.0,37.5,47.5,37.0,34.0
1452,2022-12-23,,165.5,83.0,80.5,295.0,51.0,41.0,70.5,55.5
1453,2022-12-24,,148.0,48.5,67.5,192.5,24.5,41.5,57.0,59.0
1454,2022-12-25,,134.5,17.5,60.0,136.0,31.5,27.5,34.0,39.5
1455,2022-12-26,,131.0,31.0,59.5,156.0,39.0,29.5,48.5,43.0
1456,2022-12-27,,120.0,57.5,60.5,153.0,33.5,16.0,50.0,41.5
1457,2022-12-28,,149.5,54.5,67.5,197.5,48.0,25.5,56.5,48.0
1458,2022-12-29,,129.0,29.5,59.0,150.5,25.0,29.5,48.0,54.5
1459,2022-12-30,,120.5,54.5,58.0,227.0,39.0,24.5,47.0,48.0
1460,2022-12-31,,135.0,46.5,59.5,219.0,44.0,26.5,44.5,41.0
