,ds,y,trajet_trajet_personnel,luminosite_Cr√©puscule ou aube,condition_atmospheriques_Normale,nom_dep_Bas_Rhin,region_Bretagne,nbr_voies_1_voie,vitesse_maximale_autorisee_80
0,2019-01-01,53.0,160.0,5.0,182.0,4.0,9.0,15.0,48.0
1,2019-01-02,54.0,147.0,14.0,204.0,7.0,21.0,49.0,62.0
2,2019-01-03,54.0,99.0,21.0,212.0,2.0,8.0,31.0,51.0
3,2019-01-04,55.0,100.0,12.0,293.0,6.0,6.0,38.0,40.0
4,2019-01-05,64.0,201.0,22.0,296.0,8.0,2.0,21.0,72.0
5,2019-01-06,69.0,247.0,47.0,379.0,9.0,2.0,31.0,104.0
6,2019-01-07,71.0,165.0,13.0,410.0,2.0,20.0,53.0,71.0
7,2019-01-08,67.0,143.0,13.0,325.0,4.0,14.0,18.0,72.0
8,2019-01-09,69.0,199.0,21.0,267.0,2.0,30.0,15.0,74.0
9,2019-01-10,37.0,126.0,15.0,177.0,9.0,19.0,39.0,36.0
10,2019-01-11,48.0,191.0,32.0,113.0,3.0,15.0,28.0,68.0
11,2019-01-12,46.0,162.0,17.0,163.0,1.0,17.0,23.0,35.0
12,2019-01-13,43.0,144.0,7.0,128.0,3.0,6.0,17.0,58.0
13,2019-01-14,39.0,114.0,20.0,263.0,7.0,14.0,24.0,42.0
14,2019-01-15,48.0,127.0,42.0,315.0,0.0,17.0,54.0,47.0
15,2019-01-16,42.0,117.0,37.0,295.0,4.0,11.0,35.0,30.0
16,2019-01-17,46.0,103.0,24.0,206.0,3.0,26.0,43.0,45.0
17,2019-01-18,65.0,174.0,43.0,381.0,10.0,35.0,65.0,53.0
18,2019-01-19,42.0,179.0,24.0,229.0,9.0,17.0,15.0,43.0
19,2019-01-20,40.0,128.0,5.0,136.0,0.0,2.0,29.0,39.0
20,2019-01-21,46.0,95.0,62.0,274.0,1.0,17.0,27.0,39.0
21,2019-01-22,35.0,91.0,36.0,115.0,0.0,3.0,27.0,35.0
22,2019-01-23,33.0,87.0,30.0,133.0,0.0,8.0,20.0,45.0
23,2019-01-24,49.0,106.0,37.0,221.0,0.0,4.0,20.0,38.0
24,2019-01-25,48.0,115.0,32.0,197.0,4.0,19.0,45.0,41.0
25,2019-01-26,46.0,193.0,10.0,155.0,3.0,28.0,29.0,63.0
26,2019-01-27,46.0,122.0,8.0,93.0,0.0,11.0,19.0,28.0
27,2019-01-28,39.0,87.0,21.0,206.0,2.0,14.0,43.0,43.0
28,2019-01-29,35.0,88.0,26.0,164.0,3.0,11.0,24.0,26.0
29,2019-01-30,34.0,119.0,27.0,171.0,8.0,32.0,20.0,41.0
30,2019-01-31,32.0,101.0,31.0,156.0,2.0,11.0,30.0,34.0
31,2019-02-01,40.0,104.0,21.0,213.0,2.0,2.0,25.0,45.0
32,2019-02-02,39.0,161.0,5.0,106.0,4.0,9.0,27.0,56.0
33,2019-02-03,50.0,155.0,6.0,210.0,2.0,8.0,25.0,44.0
34,2019-02-04,34.0,119.0,21.0,245.0,4.0,13.0,33.0,47.0
35,2019-02-05,46.0,119.0,20.0,312.0,7.0,22.0,37.0,41.0
36,2019-02-06,85.0,243.0,19.0,360.0,3.0,9.0,26.0,93.0
37,2019-02-07,75.0,145.0,12.0,449.0,10.0,25.0,48.0,64.0
38,2019-02-08,86.0,219.0,10.0,426.0,12.0,19.0,18.0,83.0
39,2019-02-09,44.0,129.0,7.0,327.0,2.0,21.0,43.0,44.0
40,2019-02-10,49.0,131.0,28.0,326.0,0.0,14.0,42.0,56.0
41,2019-02-11,45.0,203.0,15.0,147.0,2.0,22.0,23.0,79.0
42,2019-02-12,55.0,111.0,38.0,349.0,5.0,14.0,32.0,40.0
43,2019-02-13,56.0,123.0,10.0,318.0,7.0,7.0,38.0,55.0
44,2019-02-14,60.0,136.0,20.0,340.0,2.0,14.0,39.0,54.0
45,2019-02-15,71.0,217.0,41.0,443.0,11.0,25.0,43.0,76.0
46,2019-02-16,90.0,250.0,36.0,382.0,2.0,14.0,28.0,74.0
47,2019-02-17,58.0,216.0,35.0,297.0,0.0,11.0,19.0,62.0
48,2019-02-18,33.0,113.0,10.0,287.0,0.0,13.0,32.0,50.0
49,2019-02-19,48.0,88.0,16.0,282.0,5.0,12.0,22.0,30.0
50,2019-02-20,57.0,104.0,25.0,267.0,10.0,4.0,43.0,52.0
51,2019-02-21,46.0,114.0,24.0,300.0,3.0,11.0,31.0,44.0
52,2019-02-22,67.0,176.0,39.0,366.0,3.0,8.0,55.0,71.0
53,2019-02-23,76.0,226.0,28.0,323.0,2.0,5.0,34.0,58.0
54,2019-02-24,57.0,176.0,14.0,256.0,13.0,16.0,27.0,56.0
55,2019-02-25,40.0,142.0,19.0,346.0,8.0,36.0,34.0,42.0
56,2019-02-26,45.0,145.0,34.0,338.0,7.0,12.0,36.0,44.0
57,2019-02-27,55.0,109.0,30.0,301.0,6.0,11.0,28.0,35.0
58,2019-02-28,42.0,116.0,27.0,262.0,5.0,15.0,33.0,33.0
59,2019-03-01,44.0,115.0,5.0,207.0,6.0,7.0,22.0,37.0
60,2019-03-02,47.0,142.0,26.0,199.0,5.0,14.0,23.0,51.0
61,2019-03-03,41.0,158.0,29.0,203.0,6.0,15.0,20.0,47.0
62,2019-03-04,36.0,127.0,18.0,189.0,9.0,27.0,41.0,32.0
63,2019-03-05,49.0,140.0,17.0,245.0,16.0,18.0,24.0,38.0
64,2019-03-06,54.0,111.0,13.0,273.0,4.0,1.0,39.0,55.0
65,2019-03-07,62.0,173.0,32.0,440.0,7.0,17.0,65.0,39.0
66,2019-03-08,74.0,200.0,13.0,300.0,2.0,13.0,23.0,62.0
67,2019-03-09,43.0,120.0,23.0,349.0,4.0,15.0,35.0,51.0
68,2019-03-10,60.0,114.0,13.0,354.0,4.0,12.0,42.0,44.0
69,2019-03-11,52.0,183.0,25.0,86.0,2.0,21.0,46.0,43.0
70,2019-03-12,65.0,143.0,51.0,357.0,7.0,31.0,27.0,54.0
71,2019-03-13,41.0,124.0,12.0,220.0,4.0,5.0,20.0,36.0
72,2019-03-14,40.0,114.0,22.0,127.0,2.0,19.0,29.0,30.0
73,2019-03-15,58.0,143.0,25.0,256.0,2.0,10.0,21.0,46.0
74,2019-03-16,68.0,196.0,26.0,327.0,2.0,13.0,43.0,70.0
75,2019-03-17,49.0,159.0,18.0,196.0,2.0,14.0,23.0,39.0
76,2019-03-18,37.0,106.0,11.0,295.0,4.0,7.0,18.0,44.0
77,2019-03-19,39.0,90.0,11.0,313.0,7.0,4.0,29.0,45.0
78,2019-03-20,44.0,112.0,14.0,302.0,3.0,8.0,20.0,38.0
79,2019-03-21,54.0,132.0,24.0,373.0,5.0,10.0,36.0,35.0
80,2019-03-22,68.0,216.0,28.0,434.0,8.0,24.0,61.0,53.0
81,2019-03-23,79.0,257.0,34.0,387.0,6.0,27.0,34.0,95.0
82,2019-03-24,55.0,194.0,16.0,271.0,8.0,10.0,13.0,68.0
83,2019-03-25,38.0,102.0,17.0,307.0,3.0,31.0,29.0,42.0
84,2019-03-26,57.0,132.0,22.0,362.0,1.0,17.0,44.0,44.0
85,2019-03-27,63.0,147.0,20.0,382.0,14.0,24.0,41.0,47.0
86,2019-03-28,52.0,107.0,14.0,358.0,6.0,26.0,35.0,57.0
87,2019-03-29,72.0,175.0,26.0,430.0,9.0,14.0,36.0,53.0
88,2019-03-30,71.0,227.0,14.0,370.0,4.0,18.0,43.0,80.0
89,2019-03-31,97.0,302.0,39.0,418.0,4.0,23.0,35.0,101.0
90,2019-04-01,41.0,129.0,12.0,268.0,2.0,12.0,11.0,44.0
91,2019-04-02,37.0,104.0,33.0,211.0,0.0,23.0,41.0,42.0
92,2019-04-03,37.0,100.0,20.0,127.0,13.0,14.0,28.0,22.0
93,2019-04-04,63.0,139.0,11.0,364.0,4.0,19.0,38.0,43.0
94,2019-04-05,53.0,153.0,20.0,145.0,5.0,19.0,42.0,44.0
95,2019-04-06,55.0,150.0,6.0,302.0,15.0,12.0,44.0,46.0
96,2019-04-07,81.0,192.0,26.0,479.0,10.0,23.0,36.0,76.0
97,2019-04-08,61.0,232.0,4.0,296.0,6.0,14.0,14.0,80.0
98,2019-04-09,53.0,105.0,20.0,357.0,3.0,12.0,37.0,41.0
99,2019-04-10,80.0,169.0,18.0,315.0,3.0,9.0,48.0,73.0
100,2019-04-11,59.0,135.0,48.0,236.0,3.0,12.0,49.0,39.0
101,2019-04-12,66.0,149.0,51.0,369.0,16.0,10.0,29.0,61.0
102,2019-04-13,65.0,248.0,33.0,396.0,12.0,12.0,35.0,82.0
103,2019-04-14,53.0,205.0,8.0,291.0,2.0,15.0,18.0,43.0
104,2019-04-15,34.0,82.0,12.0,268.0,4.0,5.0,38.0,22.0
105,2019-04-16,40.0,118.0,20.0,248.0,6.0,15.0,39.0,32.0
106,2019-04-17,56.0,139.0,14.0,361.0,0.0,13.0,44.0,70.0
107,2019-04-18,40.0,145.0,10.0,375.0,11.0,23.0,41.0,49.0
108,2019-04-19,62.0,213.0,17.0,439.0,2.0,19.0,26.0,95.0
109,2019-04-20,83.0,252.0,19.0,381.0,13.0,15.0,36.0,103.0
110,2019-04-21,70.0,189.0,16.0,245.0,0.0,16.0,26.0,45.0
111,2019-04-22,51.0,193.0,21.0,268.0,3.0,10.0,16.0,57.0
112,2019-04-23,35.0,112.0,12.0,238.0,9.0,11.0,25.0,39.0
113,2019-04-24,48.0,105.0,10.0,183.0,4.0,14.0,34.0,41.0
114,2019-04-25,43.0,107.0,3.0,176.0,2.0,10.0,42.0,43.0
115,2019-04-26,75.0,160.0,21.0,322.0,17.0,30.0,44.0,45.0
116,2019-04-27,39.0,143.0,5.0,171.0,0.0,5.0,25.0,50.0
117,2019-04-28,49.0,182.0,22.0,157.0,7.0,5.0,21.0,61.0
118,2019-04-29,36.0,108.0,11.0,271.0,4.0,24.0,32.0,15.0
119,2019-04-30,60.0,132.0,9.0,351.0,3.0,7.0,30.0,34.0
120,2019-05-01,47.0,155.0,44.0,209.0,7.0,6.0,24.0,33.0
121,2019-05-02,48.0,105.0,23.0,221.0,4.0,7.0,40.0,31.0
122,2019-05-03,44.0,97.0,25.0,228.0,3.0,15.0,29.0,35.0
123,2019-05-04,60.0,167.0,17.0,387.0,6.0,21.0,40.0,61.0
124,2019-05-05,49.0,150.0,31.0,235.0,1.0,6.0,26.0,40.0
125,2019-05-06,63.0,139.0,18.0,222.0,5.0,9.0,35.0,63.0
126,2019-05-07,87.0,194.0,23.0,484.0,6.0,29.0,49.0,75.0
127,2019-05-08,63.0,167.0,14.0,322.0,2.0,7.0,28.0,43.0
128,2019-05-09,49.0,115.0,14.0,349.0,8.0,8.0,42.0,45.0
129,2019-05-10,84.0,243.0,25.0,282.0,10.0,16.0,25.0,84.0
130,2019-05-11,45.0,148.0,43.0,241.0,13.0,16.0,47.0,59.0
131,2019-05-12,51.0,103.0,23.0,247.0,2.0,6.0,33.0,52.0
132,2019-05-13,66.0,162.0,25.0,396.0,2.0,18.0,39.0,63.0
133,2019-05-14,61.0,122.0,16.0,396.0,2.0,23.0,44.0,44.0
134,2019-05-15,55.0,130.0,19.0,357.0,3.0,16.0,42.0,45.0
135,2019-05-16,49.0,104.0,12.0,313.0,3.0,9.0,27.0,43.0
136,2019-05-17,51.0,160.0,26.0,255.0,6.0,16.0,39.0,65.0
137,2019-05-18,58.0,184.0,28.0,220.0,0.0,8.0,33.0,51.0
138,2019-05-19,46.0,172.0,11.0,152.0,2.0,23.0,18.0,49.0
139,2019-05-20,48.0,110.0,16.0,244.0,4.0,18.0,25.0,43.0
140,2019-05-21,45.0,105.0,17.0,262.0,3.0,12.0,35.0,43.0
141,2019-05-22,60.0,147.0,22.0,377.0,6.0,14.0,32.0,46.0
142,2019-05-23,57.0,125.0,16.0,340.0,1.0,12.0,59.0,39.0
143,2019-05-24,71.0,156.0,23.0,389.0,6.0,21.0,45.0,45.0
144,2019-05-25,77.0,223.0,32.0,351.0,0.0,22.0,51.0,70.0
145,2019-05-26,65.0,222.0,28.0,328.0,4.0,10.0,28.0,85.0
146,2019-05-27,58.0,120.0,14.0,273.0,0.0,13.0,44.0,41.0
147,2019-05-28,54.0,117.0,13.0,275.0,3.0,5.0,37.0,36.0
148,2019-05-29,66.0,159.0,19.0,405.0,11.0,8.0,30.0,52.0
149,2019-05-30,71.0,225.0,20.0,341.0,7.0,21.0,29.0,102.0
150,2019-05-31,70.0,196.0,13.0,386.0,1.0,25.0,39.0,72.0
151,2019-06-01,38.0,129.0,8.0,170.0,0.0,13.0,18.0,33.0
152,2019-06-02,47.0,112.0,30.0,196.0,0.0,13.0,20.0,51.0
153,2019-06-03,44.0,91.0,30.0,144.0,8.0,9.0,28.0,33.0
154,2019-06-04,64.0,204.0,24.0,258.0,2.0,16.0,46.0,74.0
155,2019-06-05,56.0,103.0,15.0,319.0,4.0,12.0,24.0,55.0
156,2019-06-06,58.0,125.0,22.0,349.0,3.0,10.0,34.0,54.0
157,2019-06-07,85.0,291.0,35.0,428.0,7.0,14.0,37.0,104.0
158,2019-06-08,60.0,130.0,15.0,242.0,9.0,11.0,19.0,45.0
159,2019-06-09,69.0,198.0,36.0,474.0,8.0,22.0,39.0,81.0
160,2019-06-10,68.0,215.0,24.0,210.0,0.0,10.0,41.0,80.0
161,2019-06-11,61.0,117.0,27.0,226.0,4.0,16.0,36.0,40.0
162,2019-06-12,60.0,173.0,35.0,230.0,2.0,23.0,33.0,55.0
163,2019-06-13,59.0,128.0,31.0,318.0,10.0,10.0,34.0,40.0
164,2019-06-14,73.0,178.0,15.0,372.0,9.0,15.0,34.0,57.0
165,2019-06-15,66.0,208.0,23.0,329.0,1.0,9.0,29.0,53.0
166,2019-06-16,92.0,333.0,22.0,417.0,4.0,13.0,19.0,96.0
167,2019-06-17,58.0,162.0,11.0,405.0,2.0,12.0,49.0,60.0
168,2019-06-18,61.0,141.0,19.0,389.0,6.0,14.0,33.0,43.0
169,2019-06-19,47.0,130.0,13.0,338.0,7.0,5.0,38.0,47.0
170,2019-06-20,52.0,143.0,18.0,324.0,12.0,14.0,37.0,33.0
171,2019-06-21,88.0,235.0,17.0,497.0,16.0,24.0,60.0,69.0
172,2019-06-22,94.0,262.0,52.0,414.0,15.0,9.0,58.0,124.0
173,2019-06-23,80.0,230.0,25.0,362.0,0.0,10.0,36.0,78.0
174,2019-06-24,69.0,172.0,7.0,385.0,12.0,4.0,46.0,63.0
175,2019-06-25,56.0,124.0,16.0,373.0,9.0,25.0,34.0,49.0
176,2019-06-26,69.0,168.0,13.0,391.0,12.0,13.0,45.0,60.0
177,2019-06-27,71.0,136.0,25.0,395.0,4.0,18.0,58.0,77.0
178,2019-06-28,79.0,230.0,16.0,483.0,6.0,20.0,32.0,92.0
179,2019-06-29,74.0,264.0,20.0,423.0,3.0,20.0,41.0,72.0
180,2019-06-30,75.0,310.0,31.0,418.0,2.0,17.0,29.0,108.0
181,2019-07-01,36.0,97.0,16.0,196.0,8.0,9.0,34.0,31.0
182,2019-07-02,47.0,146.0,41.0,312.0,8.0,23.0,34.0,36.0
183,2019-07-03,41.0,101.0,31.0,267.0,8.0,17.0,44.0,30.0
184,2019-07-04,61.0,162.0,27.0,212.0,0.0,10.0,20.0,59.0
185,2019-07-05,47.0,130.0,23.0,350.0,7.0,11.0,38.0,42.0
186,2019-07-06,89.0,208.0,17.0,320.0,8.0,21.0,47.0,59.0
187,2019-07-07,78.0,282.0,39.0,388.0,0.0,29.0,23.0,98.0
188,2019-07-08,58.0,149.0,14.0,306.0,7.0,13.0,31.0,67.0
189,2019-07-09,75.0,262.0,28.0,406.0,5.0,27.0,29.0,61.0
190,2019-07-10,54.0,127.0,26.0,291.0,5.0,19.0,39.0,40.0
191,2019-07-11,56.0,126.0,29.0,222.0,3.0,13.0,43.0,46.0
192,2019-07-12,58.0,204.0,12.0,274.0,7.0,25.0,23.0,53.0
193,2019-07-13,72.0,273.0,15.0,392.0,0.0,8.0,36.0,84.0
194,2019-07-14,99.0,239.0,37.0,358.0,5.0,20.0,27.0,92.0
195,2019-07-15,56.0,134.0,21.0,371.0,4.0,39.0,29.0,66.0
196,2019-07-16,73.0,171.0,11.0,392.0,8.0,22.0,29.0,53.0
197,2019-07-17,74.0,184.0,16.0,406.0,2.0,20.0,37.0,72.0
198,2019-07-18,68.0,131.0,11.0,323.0,5.0,8.0,33.0,55.0
199,2019-07-19,59.0,193.0,16.0,404.0,0.0,9.0,52.0,54.0
200,2019-07-20,67.0,282.0,18.0,407.0,9.0,31.0,38.0,97.0
201,2019-07-21,77.0,237.0,19.0,332.0,0.0,4.0,24.0,103.0
202,2019-07-22,49.0,98.0,11.0,274.0,2.0,12.0,28.0,45.0
203,2019-07-23,61.0,156.0,4.0,307.0,18.0,18.0,28.0,62.0
204,2019-07-24,68.0,173.0,17.0,367.0,2.0,9.0,22.0,84.0
205,2019-07-25,61.0,176.0,18.0,348.0,9.0,21.0,30.0,77.0
206,2019-07-26,73.0,175.0,9.0,339.0,7.0,18.0,26.0,93.0
207,2019-07-27,66.0,217.0,23.0,240.0,10.0,13.0,29.0,81.0
208,2019-07-28,54.0,157.0,22.0,207.0,0.0,9.0,15.0,63.0
209,2019-07-29,64.0,164.0,20.0,330.0,3.0,12.0,34.0,59.0
210,2019-07-30,63.0,139.0,22.0,326.0,2.0,16.0,35.0,61.0
211,2019-07-31,50.0,123.0,12.0,280.0,14.0,9.0,12.0,53.0
212,2019-08-01,50.0,107.0,34.0,225.0,3.0,4.0,36.0,44.0
213,2019-08-02,70.0,174.0,38.0,273.0,4.0,25.0,30.0,46.0
214,2019-08-03,55.0,118.0,18.0,306.0,4.0,7.0,37.0,36.0
215,2019-08-04,50.0,115.0,13.0,293.0,0.0,13.0,27.0,38.0
216,2019-08-05,40.0,176.0,16.0,77.0,3.0,8.0,9.0,51.0
217,2019-08-06,74.0,241.0,15.0,348.0,4.0,4.0,40.0,68.0
218,2019-08-07,63.0,125.0,16.0,347.0,1.0,19.0,55.0,48.0
219,2019-08-08,48.0,130.0,16.0,290.0,4.0,12.0,42.0,65.0
220,2019-08-09,66.0,210.0,30.0,295.0,4.0,16.0,19.0,75.0
221,2019-08-10,53.0,131.0,25.0,188.0,0.0,14.0,49.0,33.0
222,2019-08-11,73.0,161.0,52.0,322.0,15.0,31.0,32.0,67.0
223,2019-08-12,59.0,199.0,18.0,191.0,2.0,20.0,33.0,52.0
224,2019-08-13,65.0,159.0,15.0,276.0,7.0,25.0,31.0,79.0
225,2019-08-14,56.0,135.0,10.0,284.0,12.0,10.0,26.0,73.0
226,2019-08-15,40.0,138.0,2.0,191.0,2.0,15.0,16.0,53.0
227,2019-08-16,55.0,161.0,14.0,300.0,12.0,19.0,22.0,64.0
228,2019-08-17,60.0,235.0,18.0,179.0,2.0,21.0,13.0,59.0
229,2019-08-18,67.0,216.0,27.0,252.0,1.0,22.0,24.0,63.0
230,2019-08-19,48.0,116.0,12.0,247.0,0.0,13.0,32.0,69.0
231,2019-08-20,57.0,129.0,14.0,252.0,0.0,11.0,27.0,40.0
232,2019-08-21,59.0,119.0,1.0,269.0,4.0,15.0,22.0,46.0
233,2019-08-22,79.0,164.0,12.0,321.0,5.0,10.0,24.0,84.0
234,2019-08-23,70.0,163.0,16.0,339.0,1.0,17.0,16.0,84.0
235,2019-08-24,75.0,228.0,13.0,352.0,9.0,5.0,32.0,92.0
236,2019-08-25,83.0,258.0,24.0,366.0,1.0,28.0,24.0,83.0
237,2019-08-26,41.0,119.0,12.0,276.0,3.0,7.0,16.0,49.0
238,2019-08-27,55.0,132.0,20.0,277.0,0.0,21.0,30.0,41.0
239,2019-08-28,64.0,138.0,14.0,283.0,8.0,14.0,23.0,61.0
240,2019-08-29,51.0,180.0,14.0,369.0,0.0,4.0,37.0,63.0
241,2019-08-30,75.0,166.0,17.0,394.0,6.0,20.0,43.0,82.0
242,2019-08-31,108.0,311.0,19.0,411.0,19.0,10.0,38.0,117.0
243,2019-09-01,50.0,110.0,29.0,230.0,2.0,15.0,33.0,40.0
244,2019-09-02,54.0,198.0,13.0,249.0,2.0,16.0,21.0,61.0
245,2019-09-03,45.0,176.0,14.0,199.0,1.0,18.0,25.0,65.0
246,2019-09-04,45.0,78.0,14.0,246.0,0.0,11.0,17.0,38.0
247,2019-09-05,46.0,103.0,13.0,199.0,0.0,10.0,28.0,39.0
248,2019-09-06,71.0,247.0,19.0,301.0,1.0,14.0,19.0,97.0
249,2019-09-07,77.0,159.0,22.0,411.0,7.0,22.0,47.0,50.0
250,2019-09-08,73.0,199.0,15.0,322.0,4.0,8.0,28.0,129.0
251,2019-09-09,41.0,128.0,14.0,323.0,7.0,19.0,35.0,26.0
252,2019-09-10,52.0,105.0,44.0,244.0,2.0,19.0,21.0,36.0
253,2019-09-11,64.0,228.0,43.0,289.0,6.0,27.0,19.0,61.0
254,2019-09-12,53.0,125.0,46.0,219.0,4.0,28.0,30.0,53.0
255,2019-09-13,78.0,182.0,25.0,475.0,12.0,18.0,30.0,98.0
256,2019-09-14,91.0,265.0,29.0,416.0,2.0,27.0,27.0,89.0
257,2019-09-15,86.0,268.0,24.0,402.0,6.0,24.0,32.0,95.0
258,2019-09-16,61.0,129.0,19.0,385.0,4.0,16.0,30.0,41.0
259,2019-09-17,61.0,123.0,26.0,345.0,9.0,11.0,39.0,46.0
260,2019-09-18,64.0,123.0,44.0,386.0,6.0,14.0,42.0,47.0
261,2019-09-19,67.0,156.0,32.0,398.0,10.0,16.0,44.0,42.0
262,2019-09-20,88.0,206.0,32.0,471.0,4.0,23.0,37.0,70.0
263,2019-09-21,64.0,201.0,23.0,315.0,6.0,11.0,31.0,73.0
264,2019-09-22,57.0,198.0,24.0,184.0,6.0,9.0,28.0,44.0
265,2019-09-23,53.0,121.0,31.0,312.0,2.0,11.0,50.0,24.0
266,2019-09-24,46.0,98.0,22.0,171.0,10.0,14.0,46.0,36.0
267,2019-09-25,52.0,150.0,39.0,195.0,10.0,23.0,39.0,58.0
268,2019-09-26,50.0,90.0,17.0,228.0,0.0,15.0,28.0,54.0
269,2019-09-27,50.0,151.0,25.0,301.0,9.0,11.0,32.0,52.0
270,2019-09-28,69.0,242.0,18.0,367.0,5.0,18.0,39.0,91.0
271,2019-09-29,68.0,208.0,24.0,211.0,8.0,8.0,44.0,58.0
272,2019-09-30,48.0,115.0,40.0,358.0,5.0,27.0,36.0,49.0
273,2019-10-01,51.0,120.0,35.0,272.0,0.0,7.0,35.0,32.0
274,2019-10-02,49.0,171.0,10.0,116.0,1.0,7.0,19.0,41.0
275,2019-10-03,31.0,174.0,24.0,184.0,4.0,5.0,20.0,36.0
276,2019-10-04,51.0,130.0,15.0,269.0,6.0,8.0,49.0,48.0
277,2019-10-05,44.0,129.0,16.0,274.0,4.0,21.0,47.0,35.0
278,2019-10-06,44.0,145.0,16.0,174.0,0.0,4.0,20.0,48.0
279,2019-10-07,71.0,176.0,15.0,407.0,10.0,15.0,53.0,65.0
280,2019-10-08,75.0,229.0,32.0,303.0,2.0,10.0,14.0,84.0
281,2019-10-09,45.0,113.0,13.0,320.0,2.0,18.0,39.0,30.0
282,2019-10-10,66.0,159.0,32.0,366.0,1.0,25.0,42.0,55.0
283,2019-10-11,49.0,172.0,16.0,158.0,3.0,6.0,19.0,70.0
284,2019-10-12,61.0,142.0,62.0,355.0,4.0,32.0,25.0,75.0
285,2019-10-13,91.0,204.0,26.0,328.0,8.0,11.0,21.0,87.0
286,2019-10-14,53.0,105.0,18.0,266.0,6.0,12.0,16.0,64.0
287,2019-10-15,49.0,143.0,47.0,186.0,18.0,8.0,41.0,49.0
288,2019-10-16,43.0,131.0,47.0,159.0,14.0,16.0,12.0,38.0
289,2019-10-17,45.0,134.0,34.0,197.0,4.0,8.0,33.0,44.0
290,2019-10-18,69.0,156.0,36.0,286.0,5.0,30.0,36.0,61.0
291,2019-10-19,61.0,205.0,8.0,213.0,0.0,20.0,27.0,44.0
292,2019-10-20,76.0,270.0,11.0,134.0,4.0,11.0,44.0,66.0
293,2019-10-21,45.0,105.0,34.0,198.0,8.0,16.0,16.0,44.0
294,2019-10-22,53.0,106.0,25.0,249.0,6.0,11.0,29.0,49.0
295,2019-10-23,38.0,74.0,30.0,196.0,3.0,11.0,28.0,42.0
296,2019-10-24,43.0,143.0,48.0,316.0,4.0,5.0,25.0,38.0
297,2019-10-25,67.0,184.0,38.0,358.0,0.0,27.0,47.0,83.0
298,2019-10-26,81.0,249.0,21.0,441.0,13.0,17.0,50.0,94.0
299,2019-10-27,58.0,211.0,5.0,224.0,9.0,14.0,39.0,54.0
300,2019-10-28,43.0,133.0,36.0,204.0,5.0,21.0,21.0,66.0
301,2019-10-29,40.0,110.0,16.0,221.0,5.0,12.0,38.0,51.0
302,2019-10-30,52.0,116.0,17.0,226.0,0.0,12.0,37.0,45.0
303,2019-10-31,62.0,153.0,39.0,217.0,2.0,17.0,37.0,56.0
304,2019-11-01,61.0,155.0,26.0,256.0,9.0,31.0,51.0,54.0
305,2019-11-02,57.0,87.0,25.0,238.0,1.0,6.0,37.0,39.0
306,2019-11-03,41.0,110.0,10.0,244.0,0.0,12.0,18.0,32.0
307,2019-11-04,49.0,130.0,24.0,307.0,6.0,20.0,49.0,41.0
308,2019-11-05,47.0,200.0,23.0,228.0,13.0,21.0,30.0,57.0
309,2019-11-06,46.0,103.0,12.0,188.0,2.0,17.0,47.0,25.0
310,2019-11-07,58.0,152.0,23.0,388.0,0.0,17.0,48.0,52.0
311,2019-11-08,72.0,190.0,21.0,261.0,7.0,8.0,34.0,57.0
312,2019-11-09,66.0,130.0,25.0,394.0,0.0,14.0,35.0,68.0
313,2019-11-10,84.0,207.0,44.0,464.0,22.0,14.0,65.0,64.0
314,2019-11-11,31.0,120.0,23.0,128.0,4.0,9.0,31.0,30.0
315,2019-11-12,51.0,121.0,27.0,155.0,2.0,12.0,27.0,38.0
316,2019-11-13,56.0,101.0,22.0,244.0,11.0,3.0,33.0,36.0
317,2019-11-14,29.0,100.0,21.0,193.0,4.0,8.0,27.0,36.0
318,2019-11-15,52.0,187.0,47.0,172.0,2.0,35.0,34.0,39.0
319,2019-11-16,58.0,163.0,8.0,209.0,3.0,10.0,17.0,52.0
320,2019-11-17,34.0,120.0,7.0,184.0,1.0,12.0,9.0,39.0
321,2019-11-18,50.0,117.0,33.0,232.0,5.0,32.0,31.0,27.0
322,2019-11-19,50.0,133.0,32.0,325.0,4.0,11.0,48.0,33.0
323,2019-11-20,43.0,89.0,47.0,272.0,3.0,5.0,33.0,24.0
324,2019-11-21,52.0,143.0,51.0,237.0,0.0,7.0,23.0,53.0
325,2019-11-22,68.0,195.0,39.0,331.0,13.0,17.0,39.0,89.0
326,2019-11-23,50.0,169.0,15.0,124.0,1.0,16.0,33.0,78.0
327,2019-11-24,46.0,172.0,34.0,208.0,0.0,5.0,10.0,66.0
328,2019-11-25,57.0,156.0,36.0,276.0,8.0,24.0,29.0,54.0
329,2019-11-26,54.0,72.0,22.0,233.0,2.0,7.0,24.0,45.0
330,2019-11-27,38.0,146.0,32.0,184.0,7.0,10.0,40.0,31.0
331,2019-11-28,48.0,103.0,25.0,204.0,2.0,8.0,23.0,35.0
332,2019-11-29,68.0,173.0,45.0,298.0,6.0,33.0,32.0,59.0
333,2019-11-30,62.0,176.0,19.0,286.0,2.0,14.0,39.0,31.0
334,2019-12-01,61.0,185.0,12.0,158.0,1.0,14.0,15.0,62.0
335,2019-12-02,44.0,125.0,27.0,309.0,9.0,14.0,20.0,37.0
336,2019-12-03,44.0,97.0,25.0,216.0,4.0,6.0,22.0,28.0
337,2019-12-04,57.0,165.0,21.0,390.0,2.0,22.0,46.0,61.0
338,2019-12-05,70.0,229.0,11.0,295.0,4.0,21.0,41.0,76.0
339,2019-12-06,48.0,145.0,22.0,272.0,0.0,9.0,41.0,33.0
340,2019-12-07,59.0,222.0,19.0,463.0,11.0,33.0,41.0,93.0
341,2019-12-08,42.0,120.0,2.0,222.0,10.0,7.0,28.0,39.0
342,2019-12-09,68.0,160.0,21.0,385.0,9.0,9.0,38.0,47.0
343,2019-12-10,58.0,199.0,8.0,302.0,4.0,12.0,26.0,47.0
344,2019-12-11,46.0,118.0,27.0,260.0,6.0,17.0,34.0,56.0
345,2019-12-12,68.0,142.0,37.0,157.0,0.0,23.0,68.0,47.0
346,2019-12-13,60.0,153.0,50.0,174.0,10.0,15.0,40.0,55.0
347,2019-12-14,52.0,209.0,9.0,206.0,4.0,15.0,27.0,41.0
348,2019-12-15,53.0,215.0,15.0,244.0,5.0,24.0,32.0,50.0
349,2019-12-16,38.0,135.0,53.0,201.0,10.0,24.0,29.0,35.0
350,2019-12-17,47.0,113.0,39.0,237.0,2.0,17.0,39.0,59.0
351,2019-12-18,51.0,121.0,33.0,370.0,5.0,4.0,27.0,37.0
352,2019-12-19,55.0,123.0,22.0,287.0,2.0,14.0,34.0,40.0
353,2019-12-20,74.0,221.0,59.0,238.0,11.0,28.0,33.0,72.0
354,2019-12-21,53.0,189.0,10.0,201.0,0.0,21.0,28.0,53.0
355,2019-12-22,40.0,149.0,10.0,122.0,5.0,16.0,21.0,38.0
356,2019-12-23,50.0,196.0,20.0,302.0,10.0,27.0,23.0,64.0
357,2019-12-24,65.0,176.0,14.0,263.0,0.0,4.0,30.0,55.0
358,2019-12-25,30.0,130.0,16.0,155.0,0.0,6.0,14.0,44.0
359,2019-12-26,39.0,130.0,7.0,205.0,0.0,12.0,15.0,60.0
360,2019-12-27,42.0,125.0,10.0,208.0,0.0,2.0,23.0,41.0
361,2019-12-28,47.0,193.0,25.0,265.0,0.0,3.0,14.0,27.0
362,2019-12-29,38.0,164.0,13.0,236.0,0.0,12.0,23.0,51.0
363,2019-12-30,46.0,111.0,28.0,228.0,0.0,9.0,21.0,46.0
364,2019-12-31,48.0,132.0,22.0,206.0,4.0,11.0,23.0,36.0
365,2020-01-01,68.0,231.0,21.0,193.0,1.0,15.0,11.0,59.0
366,2020-01-02,38.0,155.0,7.0,130.0,9.0,18.0,28.0,53.0
367,2020-01-03,52.0,233.0,21.0,194.0,0.0,4.0,13.0,85.0
368,2020-01-04,13.0,15.0,2.0,52.0,1.0,2.0,10.0,11.0
369,2020-01-05,12.0,26.0,1.0,42.0,2.0,3.0,7.0,4.0
370,2020-01-06,56.0,155.0,11.0,241.0,2.0,13.0,23.0,51.0
371,2020-01-07,55.0,125.0,7.0,283.0,11.0,11.0,24.0,62.0
372,2020-01-08,69.0,238.0,34.0,410.0,4.0,15.0,53.0,78.0
373,2020-01-09,40.0,102.0,7.0,312.0,3.0,12.0,33.0,47.0
374,2020-01-10,50.0,134.0,23.0,172.0,4.0,16.0,36.0,57.0
375,2020-01-11,29.0,61.0,16.0,73.0,0.0,0.0,12.0,19.0
376,2020-01-12,45.0,93.0,30.0,210.0,3.0,16.0,52.0,52.0
377,2020-01-13,42.0,113.0,56.0,234.0,0.0,19.0,34.0,42.0
378,2020-01-14,47.0,97.0,33.0,220.0,0.0,19.0,25.0,36.0
379,2020-01-15,40.0,115.0,24.0,270.0,17.0,19.0,36.0,44.0
380,2020-01-16,71.0,150.0,42.0,398.0,4.0,22.0,50.0,61.0
381,2020-01-17,51.0,140.0,41.0,208.0,4.0,9.0,36.0,57.0
382,2020-01-18,56.0,188.0,19.0,308.0,0.0,12.0,22.0,47.0
383,2020-01-19,42.0,136.0,26.0,212.0,1.0,23.0,22.0,51.0
384,2020-01-20,44.0,105.0,66.0,359.0,5.0,23.0,28.0,40.0
385,2020-01-21,55.0,120.0,30.0,278.0,2.0,11.0,33.0,44.0
386,2020-01-22,40.0,106.0,34.0,301.0,9.0,14.0,36.0,55.0
387,2020-01-23,31.0,100.0,30.0,261.0,3.0,12.0,48.0,37.0
388,2020-01-24,50.0,156.0,38.0,327.0,5.0,10.0,29.0,52.0
389,2020-01-25,49.0,158.0,19.0,215.0,6.0,8.0,18.0,48.0
390,2020-01-26,50.0,184.0,32.0,174.0,3.0,16.0,15.0,39.0
391,2020-01-27,42.0,103.0,44.0,108.0,5.0,9.0,24.0,57.0
392,2020-01-28,38.0,109.0,27.0,200.0,6.0,33.0,37.0,44.0
393,2020-01-29,41.0,106.0,38.0,279.0,4.0,8.0,40.0,35.0
394,2020-01-30,56.0,133.0,46.0,137.0,6.0,14.0,46.0,49.0
395,2020-01-31,52.0,146.0,35.0,277.0,5.0,19.0,41.0,46.0
396,2020-02-01,25.0,91.0,33.0,168.0,4.0,9.0,25.0,29.0
397,2020-02-02,40.0,242.0,29.0,134.0,0.0,11.0,26.0,53.0
398,2020-02-03,36.0,97.0,16.0,107.0,0.0,20.0,22.0,33.0
399,2020-02-04,8.0,14.0,3.0,44.0,0.0,0.0,7.0,10.0
400,2020-02-05,18.0,27.0,4.0,40.0,1.0,4.0,9.0,7.0
401,2020-02-06,58.0,116.0,15.0,321.0,8.0,16.0,38.0,29.0
402,2020-02-07,58.0,153.0,11.0,342.0,5.0,6.0,41.0,41.0
403,2020-02-08,59.0,238.0,14.0,286.0,1.0,9.0,17.0,65.0
404,2020-02-09,52.0,151.0,17.0,377.0,0.0,26.0,29.0,28.0
405,2020-02-10,61.0,155.0,46.0,108.0,14.0,16.0,28.0,60.0
406,2020-02-11,18.0,42.0,15.0,108.0,4.0,10.0,19.0,11.0
407,2020-02-12,39.0,100.0,24.0,217.0,1.0,16.0,28.0,44.0
408,2020-02-13,40.0,111.0,45.0,161.0,6.0,11.0,36.0,32.0
409,2020-02-14,77.0,175.0,26.0,357.0,4.0,6.0,52.0,52.0
410,2020-02-15,59.0,187.0,32.0,276.0,4.0,10.0,24.0,55.0
411,2020-02-16,45.0,157.0,9.0,190.0,0.0,13.0,33.0,40.0
412,2020-02-17,37.0,89.0,25.0,173.0,2.0,14.0,29.0,42.0
413,2020-02-18,48.0,105.0,23.0,317.0,2.0,14.0,28.0,48.0
414,2020-02-19,46.0,112.0,22.0,184.0,2.0,23.0,31.0,36.0
415,2020-02-20,46.0,127.0,35.0,239.0,4.0,12.0,26.0,41.0
416,2020-02-21,58.0,154.0,26.0,363.0,2.0,22.0,53.0,46.0
417,2020-02-22,62.0,184.0,12.0,300.0,7.0,16.0,30.0,60.0
418,2020-02-23,41.0,144.0,23.0,199.0,0.0,16.0,19.0,45.0
419,2020-02-24,48.0,126.0,24.0,240.0,2.0,10.0,19.0,41.0
420,2020-02-25,36.0,95.0,11.0,186.0,3.0,10.0,30.0,36.0
421,2020-02-26,46.0,94.0,25.0,173.0,7.0,10.0,31.0,38.0
422,2020-02-27,24.0,100.0,36.0,119.0,4.0,13.0,28.0,27.0
423,2020-02-28,44.0,141.0,22.0,237.0,6.0,7.0,24.0,45.0
424,2020-02-29,27.0,164.0,3.0,141.0,0.0,22.0,21.0,39.0
425,2020-03-01,46.0,137.0,5.0,169.0,7.0,13.0,29.0,44.0
426,2020-03-02,44.0,110.0,32.0,180.0,0.0,17.0,25.0,42.0
427,2020-03-03,38.0,101.0,29.0,226.0,1.0,23.0,38.0,34.0
428,2020-03-04,11.0,19.0,3.0,55.0,0.0,7.0,9.0,12.0
429,2020-03-05,17.0,26.0,3.0,60.0,0.0,3.0,6.0,17.0
430,2020-03-06,58.0,118.0,17.0,275.0,6.0,12.0,26.0,37.0
431,2020-03-07,65.0,192.0,14.0,410.0,2.0,15.0,58.0,64.0
432,2020-03-08,57.0,163.0,6.0,303.0,2.0,15.0,19.0,42.0
433,2020-03-09,89.0,153.0,27.0,407.0,7.0,24.0,38.0,69.0
434,2020-03-10,53.0,182.0,13.0,189.0,1.0,8.0,45.0,36.0
435,2020-03-11,24.0,52.0,29.0,167.0,0.0,13.0,11.0,20.0
436,2020-03-12,51.0,97.0,25.0,142.0,1.0,14.0,40.0,32.0
437,2020-03-13,52.0,146.0,7.0,322.0,2.0,13.0,36.0,49.0
438,2020-03-14,50.0,143.0,7.0,198.0,3.0,8.0,13.0,33.0
439,2020-03-15,54.0,133.0,11.0,233.0,5.0,4.0,33.0,50.0
440,2020-03-16,22.0,59.0,5.0,122.0,6.0,6.0,20.0,31.0
441,2020-03-17,18.0,31.0,7.0,86.0,0.0,6.0,11.0,18.0
442,2020-03-18,8.0,15.0,10.0,67.0,1.0,2.0,8.0,10.0
443,2020-03-19,17.0,16.0,0.0,54.0,0.0,2.0,8.0,7.0
444,2020-03-20,7.0,19.0,10.0,50.0,4.0,0.0,8.0,6.0
445,2020-03-21,8.0,9.0,0.0,33.0,0.0,3.0,3.0,2.0
446,2020-03-22,9.0,21.0,1.0,35.0,0.0,2.0,5.0,5.0
447,2020-03-23,7.0,16.0,5.0,36.0,0.0,2.0,3.0,5.0
448,2020-03-24,3.0,10.0,2.0,28.0,0.0,0.0,8.0,1.0
449,2020-03-25,5.0,12.0,3.0,44.0,0.0,0.0,9.0,5.0
450,2020-03-26,8.0,12.0,3.0,39.0,0.0,2.0,11.0,9.0
451,2020-03-27,12.0,28.0,3.0,52.0,2.0,0.0,6.0,5.0
452,2020-03-28,16.0,26.0,4.0,55.0,0.0,1.0,6.0,8.0
453,2020-03-29,5.0,12.0,0.0,23.0,0.0,0.0,4.0,2.0
454,2020-03-30,17.0,33.0,3.0,65.0,0.0,2.0,2.0,17.0
455,2020-03-31,8.0,9.0,2.0,38.0,0.0,0.0,9.0,9.0
456,2020-04-01,40.0,127.0,22.0,223.0,0.0,6.0,28.0,34.0
457,2020-04-02,50.0,95.0,23.0,256.0,11.0,11.0,35.0,51.0
458,2020-04-03,39.0,114.0,23.0,179.0,0.0,12.0,28.0,36.0
459,2020-04-04,13.0,15.0,0.0,49.0,0.0,2.0,1.0,14.0
460,2020-04-05,14.0,27.0,3.0,80.0,0.0,0.0,1.0,17.0
461,2020-04-06,48.0,90.0,9.0,125.0,3.0,10.0,32.0,35.0
462,2020-04-07,73.0,245.0,36.0,345.0,8.0,15.0,49.0,91.0
463,2020-04-08,61.0,116.0,12.0,302.0,2.0,21.0,36.0,46.0
464,2020-04-09,83.0,190.0,36.0,450.0,9.0,29.0,33.0,64.0
465,2020-04-10,45.0,113.0,16.0,85.0,4.0,8.0,24.0,29.0
466,2020-04-11,26.0,50.0,7.0,149.0,2.0,4.0,19.0,12.0
467,2020-04-12,45.0,134.0,32.0,186.0,0.0,29.0,35.0,65.0
468,2020-04-13,7.0,21.0,2.0,32.0,0.0,2.0,3.0,2.0
469,2020-04-14,20.0,35.0,3.0,106.0,6.0,4.0,20.0,24.0
470,2020-04-15,17.0,24.0,4.0,72.0,0.0,4.0,6.0,15.0
471,2020-04-16,15.0,31.0,2.0,77.0,0.0,3.0,2.0,16.0
472,2020-04-17,27.0,36.0,4.0,98.0,0.0,3.0,22.0,14.0
473,2020-04-18,14.0,32.0,5.0,58.0,1.0,5.0,6.0,9.0
474,2020-04-19,7.0,7.0,1.0,33.0,0.0,0.0,6.0,3.0
475,2020-04-20,19.0,33.0,8.0,56.0,2.0,1.0,9.0,22.0
476,2020-04-21,9.0,22.0,6.0,64.0,0.0,4.0,14.0,12.0
477,2020-04-22,18.0,38.0,2.0,90.0,0.0,3.0,11.0,21.0
478,2020-04-23,18.0,28.0,11.0,83.0,0.0,2.0,11.0,15.0
479,2020-04-24,28.0,38.0,5.0,86.0,3.0,2.0,14.0,20.0
480,2020-04-25,23.0,44.0,4.0,78.0,2.0,5.0,15.0,23.0
481,2020-04-26,15.0,39.0,4.0,69.0,3.0,1.0,6.0,12.0
482,2020-04-27,20.0,20.0,6.0,63.0,1.0,3.0,11.0,14.0
483,2020-04-28,15.0,18.0,6.0,44.0,0.0,0.0,12.0,14.0
484,2020-04-29,16.0,30.0,9.0,39.0,0.0,0.0,9.0,12.0
485,2020-04-30,14.0,34.0,8.0,57.0,2.0,9.0,7.0,11.0
486,2020-05-01,54.0,153.0,19.0,220.0,0.0,5.0,20.0,55.0
487,2020-05-02,55.0,121.0,19.0,310.0,8.0,13.0,52.0,51.0
488,2020-05-03,42.0,117.0,40.0,79.0,3.0,19.0,28.0,39.0
489,2020-05-04,20.0,29.0,5.0,69.0,0.0,1.0,16.0,10.0
490,2020-05-05,22.0,34.0,11.0,86.0,1.0,3.0,12.0,23.0
491,2020-05-06,29.0,90.0,13.0,163.0,8.0,22.0,42.0,31.0
492,2020-05-07,88.0,271.0,21.0,329.0,2.0,23.0,39.0,93.0
493,2020-05-08,71.0,181.0,21.0,380.0,5.0,31.0,49.0,63.0
494,2020-05-09,79.0,220.0,11.0,363.0,0.0,13.0,38.0,76.0
495,2020-05-10,41.0,114.0,23.0,121.0,1.0,15.0,36.0,42.0
496,2020-05-11,37.0,51.0,21.0,212.0,4.0,10.0,26.0,35.0
497,2020-05-12,38.0,115.0,8.0,126.0,2.0,11.0,27.0,40.0
498,2020-05-13,29.0,77.0,8.0,156.0,5.0,10.0,12.0,31.0
499,2020-05-14,39.0,78.0,3.0,188.0,0.0,13.0,23.0,31.0
500,2020-05-15,48.0,111.0,14.0,234.0,4.0,9.0,24.0,31.0
501,2020-05-16,59.0,165.0,17.0,297.0,5.0,12.0,28.0,68.0
502,2020-05-17,61.0,198.0,17.0,265.0,3.0,13.0,28.0,88.0
503,2020-05-18,50.0,106.0,12.0,208.0,7.0,9.0,24.0,60.0
504,2020-05-19,59.0,122.0,3.0,314.0,7.0,14.0,32.0,37.0
505,2020-05-20,70.0,162.0,6.0,342.0,10.0,20.0,35.0,67.0
506,2020-05-21,58.0,154.0,4.0,225.0,3.0,6.0,20.0,52.0
507,2020-05-22,50.0,122.0,11.0,248.0,5.0,4.0,28.0,37.0
508,2020-05-23,30.0,112.0,7.0,169.0,2.0,18.0,14.0,36.0
509,2020-05-24,63.0,198.0,21.0,281.0,7.0,16.0,20.0,87.0
510,2020-05-25,40.0,99.0,11.0,230.0,2.0,16.0,18.0,45.0
511,2020-05-26,48.0,117.0,17.0,298.0,5.0,15.0,43.0,39.0
512,2020-05-27,47.0,123.0,13.0,288.0,7.0,13.0,21.0,48.0
513,2020-05-28,63.0,132.0,27.0,328.0,1.0,9.0,26.0,46.0
514,2020-05-29,73.0,160.0,17.0,333.0,3.0,28.0,36.0,62.0
515,2020-05-30,61.0,203.0,9.0,341.0,6.0,8.0,24.0,52.0
516,2020-05-31,75.0,229.0,15.0,302.0,3.0,8.0,35.0,102.0
517,2020-06-01,47.0,117.0,29.0,290.0,5.0,9.0,38.0,48.0
518,2020-06-02,43.0,123.0,46.0,378.0,2.0,19.0,45.0,32.0
519,2020-06-03,60.0,158.0,35.0,288.0,5.0,23.0,39.0,62.0
520,2020-06-04,12.0,13.0,3.0,35.0,0.0,3.0,3.0,7.0
521,2020-06-05,31.0,58.0,2.0,137.0,2.0,0.0,4.0,26.0
522,2020-06-06,69.0,222.0,20.0,283.0,6.0,12.0,30.0,56.0
523,2020-06-07,43.0,136.0,12.0,331.0,12.0,12.0,43.0,68.0
524,2020-06-08,57.0,172.0,10.0,354.0,7.0,12.0,30.0,57.0
525,2020-06-09,68.0,207.0,14.0,306.0,0.0,20.0,30.0,58.0
526,2020-06-10,47.0,130.0,23.0,163.0,5.0,14.0,39.0,38.0
527,2020-06-11,37.0,76.0,25.0,251.0,4.0,19.0,36.0,25.0
528,2020-06-12,30.0,116.0,3.0,157.0,2.0,11.0,15.0,20.0
529,2020-06-13,53.0,168.0,14.0,248.0,6.0,6.0,20.0,73.0
530,2020-06-14,64.0,210.0,17.0,347.0,3.0,11.0,38.0,60.0
531,2020-06-15,51.0,126.0,10.0,303.0,4.0,9.0,26.0,40.0
532,2020-06-16,38.0,107.0,6.0,259.0,2.0,6.0,52.0,47.0
533,2020-06-17,39.0,90.0,15.0,237.0,4.0,3.0,40.0,36.0
534,2020-06-18,39.0,112.0,15.0,305.0,2.0,8.0,26.0,32.0
535,2020-06-19,61.0,150.0,11.0,324.0,4.0,4.0,25.0,64.0
536,2020-06-20,89.0,239.0,18.0,357.0,4.0,15.0,42.0,92.0
537,2020-06-21,63.0,220.0,18.0,305.0,5.0,12.0,38.0,64.0
538,2020-06-22,56.0,124.0,15.0,332.0,1.0,9.0,36.0,48.0
539,2020-06-23,56.0,132.0,4.0,346.0,0.0,14.0,30.0,45.0
540,2020-06-24,62.0,167.0,8.0,352.0,13.0,8.0,41.0,79.0
541,2020-06-25,67.0,154.0,18.0,354.0,10.0,25.0,24.0,55.0
542,2020-06-26,51.0,122.0,11.0,291.0,0.0,9.0,20.0,41.0
543,2020-06-27,79.0,212.0,17.0,268.0,1.0,8.0,22.0,77.0
544,2020-06-28,64.0,228.0,18.0,321.0,2.0,8.0,26.0,108.0
545,2020-06-29,58.0,120.0,9.0,298.0,5.0,5.0,39.0,36.0
546,2020-06-30,51.0,144.0,14.0,329.0,0.0,13.0,47.0,39.0
547,2020-07-01,35.0,106.0,24.0,194.0,7.0,20.0,27.0,42.0
548,2020-07-02,73.0,156.0,21.0,393.0,2.0,13.0,35.0,53.0
549,2020-07-03,69.0,216.0,17.0,326.0,5.0,24.0,25.0,47.0
550,2020-07-04,12.0,18.0,5.0,58.0,0.0,2.0,5.0,9.0
551,2020-07-05,21.0,43.0,12.0,126.0,4.0,1.0,17.0,22.0
552,2020-07-06,47.0,146.0,18.0,195.0,3.0,4.0,15.0,42.0
553,2020-07-07,77.0,166.0,15.0,443.0,14.0,11.0,59.0,34.0
554,2020-07-08,70.0,141.0,23.0,308.0,1.0,25.0,24.0,51.0
555,2020-07-09,54.0,160.0,13.0,374.0,2.0,13.0,48.0,61.0
556,2020-07-10,54.0,126.0,32.0,307.0,2.0,10.0,43.0,41.0
557,2020-07-11,24.0,71.0,13.0,130.0,0.0,0.0,13.0,22.0
558,2020-07-12,39.0,87.0,40.0,193.0,0.0,12.0,23.0,28.0
559,2020-07-13,63.0,173.0,17.0,323.0,0.0,18.0,31.0,52.0
560,2020-07-14,69.0,166.0,9.0,227.0,0.0,10.0,18.0,87.0
561,2020-07-15,45.0,114.0,16.0,271.0,0.0,14.0,33.0,51.0
562,2020-07-16,45.0,114.0,12.0,293.0,1.0,14.0,47.0,36.0
563,2020-07-17,74.0,210.0,15.0,404.0,4.0,16.0,27.0,65.0
564,2020-07-18,56.0,212.0,8.0,333.0,5.0,14.0,45.0,60.0
565,2020-07-19,90.0,266.0,27.0,363.0,8.0,13.0,47.0,87.0
566,2020-07-20,57.0,146.0,3.0,337.0,6.0,4.0,29.0,43.0
567,2020-07-21,58.0,160.0,30.0,378.0,8.0,19.0,50.0,50.0
568,2020-07-22,51.0,137.0,15.0,346.0,4.0,11.0,31.0,47.0
569,2020-07-23,61.0,196.0,10.0,376.0,5.0,18.0,33.0,70.0
570,2020-07-24,62.0,160.0,18.0,357.0,4.0,9.0,31.0,56.0
571,2020-07-25,72.0,205.0,17.0,305.0,9.0,10.0,25.0,73.0
572,2020-07-26,78.0,221.0,23.0,286.0,5.0,8.0,25.0,87.0
573,2020-07-27,76.0,130.0,13.0,361.0,2.0,15.0,23.0,54.0
574,2020-07-28,65.0,158.0,10.0,365.0,3.0,10.0,30.0,58.0
575,2020-07-29,64.0,203.0,20.0,404.0,2.0,20.0,50.0,61.0
576,2020-07-30,49.0,181.0,18.0,364.0,5.0,19.0,33.0,62.0
577,2020-07-31,74.0,159.0,15.0,357.0,5.0,19.0,34.0,91.0
578,2020-08-01,64.0,125.0,44.0,219.0,0.0,16.0,48.0,48.0
579,2020-08-02,45.0,192.0,23.0,222.0,0.0,22.0,26.0,43.0
580,2020-08-03,48.0,188.0,26.0,214.0,0.0,5.0,23.0,57.0
581,2020-08-04,13.0,27.0,5.0,67.0,2.0,4.0,10.0,13.0
582,2020-08-05,20.0,45.0,3.0,88.0,1.0,5.0,13.0,14.0
583,2020-08-06,35.0,93.0,20.0,217.0,4.0,12.0,38.0,41.0
584,2020-08-07,76.0,182.0,23.0,423.0,5.0,20.0,55.0,69.0
585,2020-08-08,74.0,214.0,21.0,372.0,0.0,19.0,23.0,92.0
586,2020-08-09,72.0,159.0,27.0,414.0,2.0,25.0,53.0,65.0
587,2020-08-10,60.0,94.0,25.0,261.0,4.0,6.0,37.0,32.0
588,2020-08-11,12.0,51.0,0.0,75.0,0.0,7.0,8.0,16.0
589,2020-08-12,56.0,97.0,39.0,253.0,6.0,17.0,37.0,54.0
590,2020-08-13,67.0,170.0,23.0,249.0,1.0,19.0,34.0,62.0
591,2020-08-14,73.0,173.0,11.0,328.0,3.0,19.0,40.0,76.0
592,2020-08-15,68.0,222.0,14.0,314.0,5.0,15.0,22.0,87.0
593,2020-08-16,57.0,241.0,17.0,290.0,10.0,13.0,17.0,76.0
594,2020-08-17,34.0,122.0,10.0,252.0,5.0,12.0,23.0,36.0
595,2020-08-18,36.0,159.0,15.0,303.0,2.0,23.0,27.0,52.0
596,2020-08-19,61.0,178.0,22.0,266.0,6.0,13.0,32.0,60.0
597,2020-08-20,54.0,128.0,13.0,316.0,6.0,10.0,21.0,65.0
598,2020-08-21,63.0,153.0,28.0,306.0,7.0,20.0,18.0,66.0
599,2020-08-22,60.0,186.0,6.0,345.0,2.0,15.0,41.0,76.0
600,2020-08-23,69.0,240.0,14.0,320.0,2.0,16.0,27.0,55.0
601,2020-08-24,52.0,128.0,21.0,291.0,0.0,15.0,25.0,29.0
602,2020-08-25,42.0,106.0,23.0,251.0,4.0,14.0,35.0,37.0
603,2020-08-26,57.0,126.0,15.0,323.0,4.0,11.0,31.0,35.0
604,2020-08-27,62.0,146.0,25.0,295.0,2.0,15.0,20.0,45.0
605,2020-08-28,77.0,191.0,25.0,276.0,0.0,15.0,36.0,82.0
606,2020-08-29,74.0,193.0,25.0,203.0,5.0,18.0,39.0,60.0
607,2020-08-30,52.0,179.0,23.0,212.0,3.0,12.0,19.0,47.0
608,2020-08-31,56.0,124.0,12.0,313.0,5.0,17.0,43.0,48.0
609,2020-09-01,54.0,142.0,41.0,202.0,12.0,30.0,36.0,40.0
610,2020-09-02,52.0,185.0,8.0,225.0,0.0,15.0,29.0,45.0
611,2020-09-03,34.0,111.0,21.0,223.0,13.0,13.0,32.0,35.0
612,2020-09-04,17.0,28.0,2.0,67.0,0.0,9.0,10.0,9.0
613,2020-09-05,21.0,53.0,6.0,72.0,4.0,4.0,2.0,13.0
614,2020-09-06,45.0,117.0,17.0,280.0,8.0,26.0,26.0,30.0
615,2020-09-07,60.0,146.0,11.0,401.0,4.0,11.0,29.0,44.0
616,2020-09-08,65.0,201.0,22.0,286.0,3.0,9.0,15.0,76.0
617,2020-09-09,77.0,155.0,20.0,387.0,5.0,17.0,51.0,48.0
618,2020-09-10,57.0,153.0,42.0,298.0,3.0,13.0,40.0,57.0
619,2020-09-11,31.0,67.0,22.0,210.0,3.0,8.0,26.0,27.0
620,2020-09-12,31.0,59.0,30.0,227.0,5.0,21.0,44.0,26.0
621,2020-09-13,84.0,293.0,23.0,408.0,0.0,29.0,32.0,87.0
622,2020-09-14,54.0,126.0,20.0,333.0,7.0,12.0,39.0,54.0
623,2020-09-15,63.0,142.0,22.0,389.0,11.0,15.0,22.0,64.0
624,2020-09-16,62.0,158.0,32.0,418.0,0.0,10.0,45.0,53.0
625,2020-09-17,64.0,141.0,21.0,418.0,8.0,6.0,49.0,44.0
626,2020-09-18,69.0,172.0,24.0,447.0,4.0,18.0,58.0,42.0
627,2020-09-19,85.0,218.0,29.0,301.0,5.0,17.0,41.0,47.0
628,2020-09-20,63.0,235.0,17.0,306.0,0.0,21.0,31.0,58.0
629,2020-09-21,65.0,125.0,22.0,343.0,4.0,7.0,41.0,48.0
630,2020-09-22,34.0,134.0,19.0,337.0,7.0,12.0,63.0,24.0
631,2020-09-23,61.0,106.0,22.0,249.0,0.0,11.0,48.0,30.0
632,2020-09-24,50.0,126.0,20.0,204.0,2.0,20.0,53.0,49.0
633,2020-09-25,55.0,127.0,34.0,209.0,4.0,14.0,46.0,48.0
634,2020-09-26,62.0,174.0,25.0,176.0,2.0,7.0,44.0,71.0
635,2020-09-27,55.0,178.0,12.0,139.0,2.0,18.0,13.0,54.0
636,2020-09-28,47.0,131.0,22.0,184.0,2.0,9.0,29.0,49.0
637,2020-09-29,48.0,107.0,23.0,202.0,3.0,9.0,37.0,38.0
638,2020-09-30,55.0,113.0,18.0,271.0,4.0,18.0,53.0,30.0
639,2020-10-01,63.0,136.0,36.0,286.0,4.0,22.0,17.0,41.0
640,2020-10-02,25.0,85.0,33.0,152.0,2.0,2.0,19.0,10.0
641,2020-10-03,47.0,96.0,15.0,173.0,6.0,9.0,20.0,34.0
642,2020-10-04,23.0,40.0,5.0,104.0,0.0,7.0,12.0,17.0
643,2020-10-05,18.0,29.0,6.0,36.0,0.0,2.0,8.0,7.0
644,2020-10-06,32.0,75.0,17.0,214.0,0.0,14.0,20.0,25.0
645,2020-10-07,71.0,183.0,22.0,381.0,2.0,11.0,23.0,56.0
646,2020-10-08,67.0,171.0,20.0,331.0,24.0,12.0,33.0,46.0
647,2020-10-09,59.0,135.0,21.0,348.0,8.0,13.0,39.0,65.0
648,2020-10-10,60.0,191.0,23.0,336.0,5.0,26.0,30.0,48.0
649,2020-10-11,36.0,74.0,22.0,156.0,6.0,13.0,17.0,27.0
650,2020-10-12,41.0,82.0,39.0,185.0,2.0,14.0,26.0,32.0
651,2020-10-13,29.0,96.0,35.0,170.0,3.0,10.0,32.0,22.0
652,2020-10-14,48.0,118.0,28.0,252.0,2.0,31.0,34.0,41.0
653,2020-10-15,52.0,128.0,21.0,305.0,7.0,15.0,33.0,41.0
654,2020-10-16,70.0,140.0,26.0,334.0,2.0,22.0,30.0,53.0
655,2020-10-17,77.0,204.0,17.0,315.0,8.0,21.0,35.0,56.0
656,2020-10-18,55.0,135.0,21.0,229.0,4.0,11.0,13.0,62.0
657,2020-10-19,37.0,116.0,20.0,276.0,7.0,12.0,46.0,32.0
658,2020-10-20,44.0,118.0,33.0,197.0,5.0,24.0,43.0,41.0
659,2020-10-21,33.0,84.0,28.0,247.0,6.0,15.0,35.0,28.0
660,2020-10-22,67.0,141.0,33.0,255.0,0.0,34.0,30.0,69.0
661,2020-10-23,67.0,138.0,34.0,218.0,6.0,14.0,26.0,71.0
662,2020-10-24,49.0,171.0,18.0,239.0,9.0,23.0,35.0,62.0
663,2020-10-25,36.0,110.0,25.0,105.0,2.0,4.0,22.0,38.0
664,2020-10-26,35.0,60.0,21.0,156.0,4.0,19.0,31.0,24.0
665,2020-10-27,42.0,105.0,21.0,178.0,0.0,13.0,36.0,38.0
666,2020-10-28,33.0,93.0,29.0,187.0,4.0,11.0,32.0,22.0
667,2020-10-29,68.0,187.0,63.0,333.0,0.0,40.0,43.0,57.0
668,2020-10-30,39.0,49.0,18.0,161.0,4.0,4.0,12.0,18.0
669,2020-10-31,25.0,65.0,6.0,86.0,7.0,9.0,10.0,10.0
670,2020-11-01,61.0,195.0,15.0,305.0,9.0,14.0,28.0,68.0
671,2020-11-02,45.0,93.0,30.0,208.0,9.0,20.0,35.0,39.0
672,2020-11-03,50.0,86.0,21.0,282.0,1.0,9.0,50.0,50.0
673,2020-11-04,8.0,25.0,4.0,47.0,2.0,5.0,7.0,12.0
674,2020-11-05,36.0,69.0,15.0,96.0,5.0,3.0,21.0,32.0
675,2020-11-06,38.0,93.0,23.0,171.0,5.0,8.0,8.0,30.0
676,2020-11-07,64.0,259.0,6.0,392.0,14.0,21.0,28.0,88.0
677,2020-11-08,55.0,145.0,4.0,256.0,1.0,14.0,11.0,67.0
678,2020-11-09,82.0,224.0,20.0,458.0,2.0,26.0,53.0,89.0
679,2020-11-10,46.0,181.0,15.0,226.0,0.0,16.0,34.0,55.0
680,2020-11-11,22.0,41.0,9.0,91.0,0.0,4.0,6.0,19.0
681,2020-11-12,61.0,122.0,45.0,106.0,10.0,17.0,49.0,48.0
682,2020-11-13,47.0,85.0,11.0,214.0,10.0,9.0,36.0,32.0
683,2020-11-14,19.0,82.0,13.0,155.0,6.0,8.0,24.0,40.0
684,2020-11-15,28.0,67.0,11.0,79.0,3.0,6.0,17.0,14.0
685,2020-11-16,37.0,70.0,21.0,172.0,0.0,21.0,20.0,32.0
686,2020-11-17,31.0,62.0,38.0,200.0,0.0,3.0,15.0,20.0
687,2020-11-18,41.0,86.0,22.0,255.0,3.0,10.0,21.0,35.0
688,2020-11-19,39.0,82.0,16.0,217.0,6.0,10.0,38.0,31.0
689,2020-11-20,62.0,100.0,33.0,296.0,0.0,13.0,27.0,27.0
690,2020-11-21,39.0,89.0,18.0,148.0,2.0,4.0,34.0,21.0
691,2020-11-22,20.0,72.0,10.0,101.0,0.0,1.0,13.0,26.0
692,2020-11-23,32.0,50.0,27.0,170.0,0.0,6.0,27.0,26.0
693,2020-11-24,39.0,74.0,21.0,216.0,2.0,8.0,15.0,46.0
694,2020-11-25,43.0,64.0,28.0,225.0,0.0,11.0,28.0,34.0
695,2020-11-26,34.0,66.0,47.0,235.0,6.0,4.0,21.0,36.0
696,2020-11-27,39.0,86.0,27.0,218.0,1.0,6.0,17.0,36.0
697,2020-11-28,61.0,168.0,17.0,260.0,3.0,17.0,27.0,41.0
698,2020-11-29,30.0,83.0,9.0,141.0,0.0,13.0,16.0,16.0
699,2020-11-30,38.0,93.0,49.0,264.0,5.0,15.0,32.0,31.0
700,2020-12-01,36.0,145.0,8.0,212.0,0.0,17.0,31.0,44.0
701,2020-12-02,53.0,132.0,27.0,334.0,0.0,5.0,20.0,49.0
702,2020-12-03,39.0,88.0,12.0,251.0,2.0,14.0,18.0,43.0
703,2020-12-04,14.0,26.0,7.0,56.0,0.0,7.0,15.0,9.0
704,2020-12-05,39.0,86.0,10.0,183.0,7.0,8.0,27.0,37.0
705,2020-12-06,48.0,127.0,7.0,211.0,9.0,22.0,18.0,39.0
706,2020-12-07,64.0,229.0,10.0,323.0,5.0,15.0,41.0,74.0
707,2020-12-08,60.0,149.0,19.0,279.0,11.0,5.0,25.0,53.0
708,2020-12-09,72.0,233.0,22.0,438.0,2.0,9.0,44.0,73.0
709,2020-12-10,54.0,91.0,30.0,263.0,8.0,9.0,28.0,18.0
710,2020-12-11,41.0,92.0,27.0,254.0,0.0,10.0,13.0,33.0
711,2020-12-12,33.0,142.0,7.0,122.0,0.0,11.0,25.0,37.0
712,2020-12-13,38.0,79.0,15.0,104.0,0.0,2.0,17.0,27.0
713,2020-12-14,40.0,88.0,48.0,177.0,2.0,8.0,27.0,24.0
714,2020-12-15,33.0,102.0,24.0,177.0,4.0,16.0,42.0,27.0
715,2020-12-16,38.0,83.0,16.0,260.0,5.0,18.0,18.0,37.0
716,2020-12-17,53.0,142.0,24.0,276.0,7.0,17.0,27.0,59.0
717,2020-12-18,83.0,164.0,47.0,342.0,1.0,19.0,44.0,66.0
718,2020-12-19,39.0,120.0,21.0,142.0,7.0,6.0,30.0,15.0
719,2020-12-20,48.0,114.0,11.0,146.0,0.0,2.0,26.0,25.0
720,2020-12-21,39.0,105.0,18.0,71.0,2.0,6.0,20.0,25.0
721,2020-12-22,52.0,122.0,37.0,165.0,3.0,21.0,37.0,31.0
722,2020-12-23,45.0,133.0,30.0,159.0,9.0,11.0,28.0,57.0
723,2020-12-24,35.0,118.0,16.0,107.0,4.0,13.0,17.0,50.0
724,2020-12-25,21.0,63.0,5.0,77.0,0.0,4.0,12.0,18.0
725,2020-12-26,33.0,101.0,3.0,165.0,0.0,7.0,29.0,17.0
726,2020-12-27,23.0,66.0,18.0,48.0,0.0,4.0,19.0,10.0
727,2020-12-28,35.0,103.0,30.0,83.0,5.0,10.0,27.0,28.0
728,2020-12-29,24.0,81.0,14.0,90.0,0.0,8.0,22.0,16.0
729,2020-12-30,36.0,104.0,10.0,151.0,0.0,9.0,19.0,33.0
730,2020-12-31,40.0,108.0,22.0,138.0,2.0,18.0,8.0,23.0
731,2021-01-01,29.0,123.0,22.0,135.0,0.0,12.0,20.0,41.0
732,2021-01-02,25.0,72.0,28.0,114.0,8.0,17.0,24.0,35.0
733,2021-01-03,50.0,91.0,15.0,294.0,1.0,10.0,48.0,42.0
734,2021-01-04,56.0,130.0,14.0,377.0,10.0,8.0,43.0,42.0
735,2021-01-05,28.0,116.0,13.0,119.0,0.0,8.0,17.0,36.0
736,2021-01-06,72.0,154.0,10.0,453.0,4.0,14.0,50.0,59.0
737,2021-01-07,55.0,184.0,23.0,425.0,0.0,12.0,45.0,47.0
738,2021-01-08,63.0,206.0,28.0,304.0,2.0,11.0,21.0,54.0
739,2021-01-09,53.0,131.0,18.0,373.0,8.0,24.0,35.0,60.0
740,2021-01-10,59.0,161.0,36.0,346.0,1.0,32.0,43.0,51.0
741,2021-01-11,36.0,136.0,33.0,135.0,1.0,4.0,22.0,38.0
742,2021-01-12,46.0,118.0,41.0,174.0,5.0,19.0,43.0,35.0
743,2021-01-13,33.0,84.0,27.0,129.0,2.0,11.0,31.0,44.0
744,2021-01-14,38.0,82.0,32.0,134.0,2.0,14.0,44.0,24.0
745,2021-01-15,58.0,118.0,20.0,261.0,0.0,5.0,51.0,46.0
746,2021-01-16,30.0,117.0,33.0,83.0,6.0,11.0,24.0,18.0
747,2021-01-17,38.0,84.0,18.0,114.0,0.0,14.0,26.0,13.0
748,2021-01-18,57.0,98.0,33.0,223.0,0.0,4.0,23.0,29.0
749,2021-01-19,34.0,87.0,33.0,201.0,0.0,16.0,40.0,40.0
750,2021-01-20,28.0,77.0,29.0,210.0,0.0,8.0,18.0,19.0
751,2021-01-21,28.0,86.0,32.0,107.0,8.0,14.0,18.0,28.0
752,2021-01-22,35.0,119.0,69.0,205.0,2.0,20.0,29.0,35.0
753,2021-01-23,36.0,142.0,19.0,127.0,0.0,7.0,40.0,36.0
754,2021-01-24,45.0,156.0,36.0,123.0,2.0,7.0,17.0,54.0
755,2021-01-25,36.0,98.0,33.0,209.0,2.0,16.0,22.0,25.0
756,2021-01-26,43.0,81.0,49.0,254.0,4.0,12.0,23.0,32.0
757,2021-01-27,25.0,84.0,32.0,113.0,5.0,10.0,33.0,28.0
758,2021-01-28,29.0,82.0,20.0,124.0,5.0,10.0,17.0,36.0
759,2021-01-29,51.0,97.0,31.0,222.0,7.0,20.0,39.0,37.0
760,2021-01-30,30.0,129.0,30.0,89.0,0.0,2.0,21.0,19.0
761,2021-01-31,31.0,101.0,18.0,87.0,3.0,4.0,12.0,42.0
762,2021-02-01,26.0,104.0,10.0,138.0,4.0,13.0,6.0,32.0
763,2021-02-02,32.0,66.0,19.0,133.0,2.0,4.0,25.0,20.0
764,2021-02-03,36.0,73.0,16.0,255.0,8.0,0.0,39.0,24.0
765,2021-02-04,52.0,152.0,11.0,406.0,2.0,27.0,40.0,46.0
766,2021-02-05,30.0,114.0,11.0,186.0,2.0,3.0,25.0,17.0
767,2021-02-06,60.0,154.0,24.0,388.0,7.0,21.0,49.0,40.0
768,2021-02-07,68.0,208.0,15.0,452.0,9.0,9.0,30.0,94.0
769,2021-02-08,54.0,160.0,13.0,319.0,2.0,5.0,20.0,71.0
770,2021-02-09,64.0,141.0,24.0,350.0,3.0,8.0,42.0,70.0
771,2021-02-10,73.0,239.0,27.0,251.0,9.0,14.0,43.0,57.0
772,2021-02-11,55.0,129.0,28.0,241.0,5.0,14.0,43.0,30.0
773,2021-02-12,36.0,124.0,46.0,248.0,4.0,17.0,33.0,27.0
774,2021-02-13,33.0,126.0,2.0,219.0,0.0,3.0,33.0,48.0
775,2021-02-14,32.0,87.0,8.0,147.0,7.0,3.0,7.0,27.0
776,2021-02-15,39.0,76.0,21.0,184.0,2.0,6.0,14.0,17.0
777,2021-02-16,35.0,75.0,21.0,194.0,0.0,18.0,27.0,22.0
778,2021-02-17,42.0,79.0,24.0,228.0,0.0,13.0,25.0,32.0
779,2021-02-18,33.0,90.0,11.0,188.0,3.0,25.0,22.0,37.0
780,2021-02-19,49.0,113.0,28.0,321.0,4.0,17.0,34.0,59.0
781,2021-02-20,57.0,162.0,23.0,300.0,4.0,7.0,28.0,54.0
782,2021-02-21,56.0,160.0,12.0,219.0,4.0,6.0,23.0,74.0
783,2021-02-22,29.0,64.0,10.0,151.0,0.0,16.0,8.0,14.0
784,2021-02-23,41.0,101.0,14.0,298.0,6.0,18.0,32.0,27.0
785,2021-02-24,39.0,92.0,11.0,318.0,7.0,8.0,36.0,44.0
786,2021-02-25,52.0,91.0,20.0,308.0,2.0,4.0,36.0,32.0
787,2021-02-26,51.0,114.0,18.0,304.0,3.0,17.0,36.0,30.0
788,2021-02-27,48.0,227.0,22.0,356.0,13.0,30.0,32.0,61.0
789,2021-02-28,61.0,156.0,13.0,278.0,8.0,22.0,25.0,50.0
790,2021-03-01,23.0,95.0,15.0,110.0,0.0,13.0,16.0,12.0
791,2021-03-02,21.0,82.0,34.0,131.0,7.0,23.0,21.0,20.0
792,2021-03-03,24.0,79.0,19.0,252.0,3.0,10.0,34.0,13.0
793,2021-03-04,50.0,174.0,9.0,295.0,2.0,17.0,24.0,65.0
794,2021-03-05,44.0,112.0,10.0,360.0,0.0,11.0,50.0,34.0
795,2021-03-06,54.0,122.0,28.0,333.0,2.0,9.0,47.0,41.0
796,2021-03-07,74.0,277.0,22.0,361.0,4.0,9.0,41.0,90.0
797,2021-03-08,54.0,130.0,32.0,226.0,6.0,12.0,28.0,43.0
798,2021-03-09,60.0,184.0,25.0,400.0,2.0,26.0,55.0,76.0
799,2021-03-10,45.0,121.0,16.0,130.0,4.0,7.0,32.0,38.0
800,2021-03-11,43.0,116.0,44.0,209.0,3.0,18.0,41.0,50.0
801,2021-03-12,56.0,154.0,44.0,173.0,5.0,30.0,53.0,47.0
802,2021-03-13,44.0,140.0,16.0,159.0,3.0,6.0,25.0,39.0
803,2021-03-14,28.0,128.0,12.0,184.0,0.0,5.0,25.0,29.0
804,2021-03-15,35.0,81.0,10.0,183.0,2.0,6.0,26.0,36.0
805,2021-03-16,36.0,81.0,26.0,171.0,0.0,8.0,34.0,27.0
806,2021-03-17,37.0,114.0,20.0,201.0,2.0,11.0,34.0,39.0
807,2021-03-18,24.0,49.0,6.0,147.0,0.0,5.0,15.0,14.0
808,2021-03-19,63.0,98.0,12.0,281.0,5.0,16.0,32.0,30.0
809,2021-03-20,51.0,146.0,24.0,286.0,7.0,9.0,24.0,42.0
810,2021-03-21,42.0,107.0,6.0,183.0,1.0,11.0,14.0,37.0
811,2021-03-22,28.0,71.0,7.0,197.0,0.0,0.0,11.0,19.0
812,2021-03-23,48.0,113.0,23.0,341.0,0.0,17.0,35.0,26.0
813,2021-03-24,48.0,116.0,16.0,340.0,2.0,4.0,41.0,29.0
814,2021-03-25,44.0,120.0,17.0,271.0,2.0,6.0,33.0,36.0
815,2021-03-26,48.0,113.0,22.0,260.0,14.0,14.0,22.0,31.0
816,2021-03-27,62.0,175.0,10.0,293.0,5.0,16.0,33.0,65.0
817,2021-03-28,66.0,179.0,25.0,279.0,9.0,8.0,23.0,66.0
818,2021-03-29,44.0,111.0,9.0,301.0,4.0,27.0,47.0,30.0
819,2021-03-30,49.0,91.0,14.0,284.0,2.0,11.0,34.0,30.0
820,2021-03-31,51.0,127.0,20.0,330.0,6.0,8.0,37.0,45.0
821,2021-04-01,36.0,105.0,50.0,137.0,7.0,15.0,28.0,17.0
822,2021-04-02,25.0,58.0,31.0,168.0,2.0,15.0,32.0,14.0
823,2021-04-03,40.0,69.0,14.0,198.0,3.0,7.0,30.0,20.0
824,2021-04-04,51.0,154.0,14.0,244.0,8.0,12.0,20.0,54.0
825,2021-04-05,56.0,101.0,15.0,240.0,2.0,18.0,36.0,43.0
826,2021-04-06,52.0,150.0,25.0,276.0,6.0,24.0,30.0,58.0
827,2021-04-07,54.0,199.0,19.0,215.0,0.0,16.0,23.0,36.0
828,2021-04-08,47.0,88.0,25.0,151.0,4.0,8.0,23.0,41.0
829,2021-04-09,73.0,246.0,38.0,376.0,2.0,14.0,42.0,72.0
830,2021-04-10,52.0,129.0,16.0,257.0,6.0,17.0,29.0,32.0
831,2021-04-11,38.0,101.0,33.0,176.0,2.0,18.0,41.0,24.0
832,2021-04-12,80.0,230.0,34.0,109.0,2.0,19.0,44.0,67.0
833,2021-04-13,30.0,63.0,16.0,215.0,3.0,12.0,36.0,13.0
834,2021-04-14,35.0,85.0,20.0,243.0,0.0,6.0,29.0,27.0
835,2021-04-15,51.0,138.0,15.0,317.0,0.0,16.0,30.0,31.0
836,2021-04-16,45.0,101.0,10.0,277.0,6.0,16.0,26.0,38.0
837,2021-04-17,49.0,107.0,14.0,221.0,2.0,4.0,12.0,35.0
838,2021-04-18,54.0,110.0,13.0,195.0,3.0,5.0,20.0,39.0
839,2021-04-19,41.0,79.0,18.0,256.0,10.0,11.0,26.0,42.0
840,2021-04-20,50.0,117.0,13.0,288.0,4.0,15.0,35.0,29.0
841,2021-04-21,44.0,115.0,11.0,269.0,0.0,13.0,42.0,31.0
842,2021-04-22,37.0,115.0,4.0,256.0,0.0,17.0,36.0,26.0
843,2021-04-23,57.0,164.0,12.0,397.0,4.0,19.0,50.0,58.0
844,2021-04-24,67.0,205.0,8.0,335.0,3.0,7.0,40.0,76.0
845,2021-04-25,49.0,139.0,15.0,226.0,0.0,12.0,25.0,41.0
846,2021-04-26,34.0,95.0,3.0,240.0,2.0,8.0,36.0,27.0
847,2021-04-27,47.0,96.0,9.0,247.0,4.0,13.0,35.0,42.0
848,2021-04-28,39.0,84.0,7.0,218.0,4.0,12.0,25.0,28.0
849,2021-04-29,36.0,89.0,5.0,206.0,6.0,11.0,29.0,28.0
850,2021-04-30,43.0,114.0,18.0,262.0,2.0,15.0,48.0,26.0
851,2021-05-01,28.0,72.0,30.0,164.0,2.0,12.0,18.0,14.0
852,2021-05-02,47.0,92.0,20.0,218.0,4.0,15.0,29.0,36.0
853,2021-05-03,49.0,125.0,12.0,318.0,0.0,10.0,43.0,39.0
854,2021-05-04,25.0,74.0,3.0,137.0,0.0,5.0,17.0,20.0
855,2021-05-05,34.0,105.0,14.0,244.0,0.0,0.0,58.0,34.0
856,2021-05-06,72.0,217.0,29.0,352.0,0.0,20.0,37.0,57.0
857,2021-05-07,57.0,170.0,20.0,295.0,2.0,21.0,43.0,54.0
858,2021-05-08,44.0,116.0,13.0,267.0,3.0,5.0,31.0,43.0
859,2021-05-09,81.0,247.0,19.0,356.0,3.0,17.0,35.0,71.0
860,2021-05-10,45.0,119.0,34.0,191.0,2.0,13.0,43.0,30.0
861,2021-05-11,69.0,142.0,32.0,388.0,6.0,19.0,49.0,54.0
862,2021-05-12,49.0,189.0,13.0,144.0,2.0,23.0,30.0,33.0
863,2021-05-13,53.0,148.0,16.0,199.0,0.0,18.0,23.0,61.0
864,2021-05-14,51.0,139.0,12.0,219.0,4.0,13.0,29.0,39.0
865,2021-05-15,35.0,132.0,11.0,131.0,2.0,8.0,24.0,43.0
866,2021-05-16,37.0,155.0,17.0,141.0,3.0,7.0,19.0,33.0
867,2021-05-17,40.0,83.0,11.0,160.0,2.0,7.0,40.0,19.0
868,2021-05-18,44.0,112.0,22.0,274.0,3.0,13.0,25.0,44.0
869,2021-05-19,58.0,145.0,21.0,303.0,12.0,25.0,38.0,36.0
870,2021-05-20,48.0,139.0,29.0,324.0,2.0,11.0,35.0,34.0
871,2021-05-21,46.0,160.0,15.0,333.0,2.0,9.0,51.0,50.0
872,2021-05-22,67.0,200.0,23.0,268.0,7.0,15.0,39.0,49.0
873,2021-05-23,76.0,232.0,22.0,351.0,4.0,3.0,33.0,101.0
874,2021-05-24,35.0,132.0,25.0,138.0,3.0,13.0,16.0,56.0
875,2021-05-25,54.0,126.0,10.0,298.0,4.0,14.0,45.0,44.0
876,2021-05-26,53.0,143.0,17.0,297.0,2.0,23.0,27.0,31.0
877,2021-05-27,69.0,197.0,20.0,466.0,2.0,12.0,68.0,48.0
878,2021-05-28,77.0,179.0,25.0,458.0,6.0,32.0,57.0,75.0
879,2021-05-29,84.0,257.0,26.0,457.0,11.0,8.0,45.0,85.0
880,2021-05-30,78.0,253.0,23.0,411.0,3.0,17.0,35.0,76.0
881,2021-05-31,41.0,175.0,15.0,439.0,2.0,12.0,28.0,28.0
882,2021-06-01,29.0,84.0,33.0,164.0,4.0,17.0,19.0,25.0
883,2021-06-02,26.0,120.0,38.0,98.0,0.0,16.0,41.0,35.0
884,2021-06-03,47.0,159.0,24.0,291.0,2.0,7.0,23.0,47.0
885,2021-06-04,34.0,69.0,12.0,208.0,2.0,12.0,23.0,17.0
886,2021-06-05,40.0,114.0,15.0,177.0,9.0,6.0,41.0,46.0
887,2021-06-06,79.0,254.0,27.0,390.0,4.0,13.0,27.0,91.0
888,2021-06-07,63.0,149.0,29.0,349.0,4.0,9.0,46.0,41.0
889,2021-06-08,70.0,176.0,20.0,355.0,4.0,20.0,37.0,60.0
890,2021-06-09,57.0,135.0,19.0,405.0,5.0,18.0,33.0,33.0
891,2021-06-10,53.0,140.0,48.0,395.0,6.0,12.0,54.0,64.0
892,2021-06-11,57.0,165.0,30.0,325.0,9.0,7.0,34.0,35.0
893,2021-06-12,43.0,112.0,51.0,173.0,3.0,17.0,37.0,49.0
894,2021-06-13,97.0,299.0,29.0,468.0,6.0,19.0,57.0,80.0
895,2021-06-14,79.0,169.0,19.0,428.0,6.0,21.0,41.0,54.0
896,2021-06-15,79.0,177.0,30.0,475.0,13.0,20.0,47.0,80.0
897,2021-06-16,76.0,194.0,16.0,515.0,4.0,18.0,56.0,72.0
898,2021-06-17,57.0,137.0,25.0,311.0,3.0,13.0,49.0,35.0
899,2021-06-18,73.0,186.0,22.0,469.0,3.0,21.0,64.0,52.0
900,2021-06-19,69.0,230.0,12.0,306.0,1.0,10.0,26.0,85.0
901,2021-06-20,61.0,180.0,24.0,216.0,2.0,15.0,31.0,55.0
902,2021-06-21,64.0,122.0,13.0,308.0,8.0,12.0,37.0,37.0
903,2021-06-22,59.0,164.0,18.0,265.0,2.0,12.0,45.0,44.0
904,2021-06-23,55.0,112.0,14.0,252.0,6.0,15.0,22.0,31.0
905,2021-06-24,61.0,150.0,12.0,361.0,6.0,16.0,64.0,47.0
906,2021-06-25,71.0,162.0,26.0,403.0,0.0,5.0,47.0,60.0
907,2021-06-26,82.0,261.0,27.0,333.0,12.0,14.0,57.0,89.0
908,2021-06-27,62.0,237.0,26.0,288.0,6.0,17.0,46.0,86.0
909,2021-06-28,54.0,151.0,14.0,305.0,2.0,12.0,31.0,39.0
910,2021-06-29,55.0,137.0,19.0,259.0,0.0,12.0,35.0,40.0
911,2021-06-30,40.0,130.0,5.0,299.0,6.0,19.0,21.0,29.0
912,2021-07-01,36.0,94.0,25.0,182.0,0.0,20.0,29.0,24.0
913,2021-07-02,28.0,91.0,8.0,77.0,0.0,0.0,7.0,28.0
914,2021-07-03,50.0,171.0,17.0,233.0,6.0,12.0,25.0,59.0
915,2021-07-04,31.0,76.0,17.0,230.0,2.0,7.0,30.0,18.0
916,2021-07-05,51.0,166.0,20.0,388.0,9.0,16.0,49.0,49.0
917,2021-07-06,56.0,138.0,11.0,395.0,6.0,13.0,31.0,56.0
918,2021-07-07,53.0,158.0,21.0,361.0,2.0,19.0,47.0,51.0
919,2021-07-08,51.0,201.0,31.0,251.0,2.0,18.0,38.0,68.0
920,2021-07-09,74.0,162.0,12.0,456.0,2.0,23.0,42.0,85.0
921,2021-07-10,50.0,102.0,20.0,343.0,2.0,8.0,34.0,30.0
922,2021-07-11,54.0,155.0,19.0,236.0,2.0,20.0,25.0,39.0
923,2021-07-12,50.0,91.0,37.0,158.0,4.0,11.0,33.0,39.0
924,2021-07-13,53.0,143.0,26.0,169.0,5.0,13.0,25.0,30.0
925,2021-07-14,60.0,195.0,25.0,250.0,2.0,22.0,40.0,52.0
926,2021-07-15,62.0,151.0,20.0,309.0,5.0,16.0,49.0,54.0
927,2021-07-16,60.0,192.0,17.0,388.0,0.0,15.0,50.0,59.0
928,2021-07-17,65.0,268.0,19.0,399.0,2.0,15.0,33.0,70.0
929,2021-07-18,85.0,268.0,19.0,420.0,6.0,13.0,41.0,88.0
930,2021-07-19,73.0,183.0,14.0,419.0,4.0,9.0,53.0,62.0
931,2021-07-20,74.0,145.0,30.0,403.0,8.0,13.0,36.0,45.0
932,2021-07-21,67.0,152.0,21.0,359.0,4.0,20.0,46.0,80.0
933,2021-07-22,65.0,147.0,29.0,380.0,2.0,16.0,63.0,46.0
934,2021-07-23,63.0,177.0,10.0,388.0,3.0,10.0,45.0,57.0
935,2021-07-24,72.0,282.0,12.0,323.0,7.0,21.0,32.0,84.0
936,2021-07-25,59.0,227.0,22.0,263.0,3.0,15.0,38.0,71.0
937,2021-07-26,56.0,130.0,14.0,262.0,1.0,12.0,22.0,61.0
938,2021-07-27,52.0,149.0,10.0,223.0,7.0,25.0,20.0,49.0
939,2021-07-28,45.0,127.0,11.0,308.0,3.0,17.0,52.0,49.0
940,2021-07-29,63.0,177.0,10.0,396.0,8.0,16.0,57.0,55.0
941,2021-07-30,75.0,175.0,30.0,367.0,7.0,23.0,23.0,70.0
942,2021-07-31,63.0,210.0,23.0,313.0,3.0,21.0,26.0,55.0
943,2021-08-01,50.0,114.0,41.0,314.0,8.0,5.0,27.0,24.0
944,2021-08-02,34.0,56.0,25.0,129.0,0.0,11.0,18.0,35.0
945,2021-08-03,29.0,81.0,13.0,258.0,5.0,13.0,33.0,31.0
946,2021-08-04,42.0,91.0,6.0,254.0,3.0,16.0,45.0,51.0
947,2021-08-05,78.0,224.0,11.0,338.0,3.0,18.0,23.0,76.0
948,2021-08-06,66.0,152.0,9.0,439.0,13.0,22.0,75.0,43.0
949,2021-08-07,64.0,147.0,2.0,363.0,4.0,16.0,39.0,46.0
950,2021-08-08,56.0,202.0,24.0,263.0,2.0,3.0,24.0,62.0
951,2021-08-09,77.0,172.0,31.0,410.0,4.0,25.0,55.0,67.0
952,2021-08-10,83.0,157.0,40.0,469.0,8.0,24.0,44.0,57.0
953,2021-08-11,43.0,108.0,59.0,335.0,4.0,8.0,36.0,37.0
954,2021-08-12,44.0,120.0,46.0,213.0,0.0,24.0,37.0,34.0
955,2021-08-13,78.0,221.0,29.0,394.0,7.0,17.0,35.0,65.0
956,2021-08-14,80.0,230.0,26.0,376.0,3.0,9.0,36.0,80.0
957,2021-08-15,70.0,197.0,24.0,280.0,3.0,7.0,35.0,88.0
958,2021-08-16,40.0,148.0,13.0,287.0,2.0,17.0,19.0,57.0
959,2021-08-17,58.0,142.0,27.0,290.0,10.0,13.0,36.0,48.0
960,2021-08-18,42.0,117.0,11.0,238.0,7.0,24.0,18.0,31.0
961,2021-08-19,61.0,146.0,24.0,274.0,4.0,13.0,27.0,57.0
962,2021-08-20,89.0,187.0,21.0,423.0,6.0,18.0,40.0,92.0
963,2021-08-21,72.0,248.0,18.0,335.0,0.0,9.0,16.0,86.0
964,2021-08-22,57.0,201.0,13.0,278.0,6.0,19.0,20.0,85.0
965,2021-08-23,45.0,106.0,19.0,259.0,2.0,9.0,28.0,59.0
966,2021-08-24,40.0,108.0,9.0,266.0,5.0,10.0,37.0,37.0
967,2021-08-25,68.0,142.0,19.0,374.0,7.0,13.0,35.0,58.0
968,2021-08-26,63.0,133.0,24.0,312.0,4.0,18.0,35.0,37.0
969,2021-08-27,87.0,238.0,19.0,490.0,8.0,37.0,55.0,68.0
970,2021-08-28,88.0,253.0,30.0,404.0,2.0,14.0,32.0,52.0
971,2021-08-29,62.0,203.0,29.0,276.0,2.0,20.0,52.0,76.0
972,2021-08-30,45.0,139.0,22.0,321.0,3.0,26.0,21.0,57.0
973,2021-08-31,63.0,143.0,21.0,401.0,10.0,11.0,40.0,67.0
974,2021-09-01,37.0,120.0,8.0,204.0,0.0,24.0,10.0,44.0
975,2021-09-02,35.0,56.0,31.0,171.0,8.0,6.0,26.0,32.0
976,2021-09-03,44.0,71.0,7.0,274.0,0.0,9.0,36.0,33.0
977,2021-09-04,36.0,92.0,16.0,204.0,5.0,6.0,17.0,33.0
978,2021-09-05,86.0,201.0,10.0,273.0,5.0,11.0,32.0,57.0
979,2021-09-06,83.0,224.0,25.0,519.0,2.0,20.0,50.0,55.0
980,2021-09-07,67.0,169.0,12.0,424.0,5.0,19.0,60.0,58.0
981,2021-09-08,38.0,132.0,12.0,282.0,4.0,9.0,29.0,48.0
982,2021-09-09,46.0,91.0,18.0,275.0,2.0,11.0,32.0,29.0
983,2021-09-10,96.0,306.0,40.0,558.0,5.0,27.0,53.0,91.0
984,2021-09-11,46.0,110.0,33.0,307.0,6.0,14.0,46.0,36.0
985,2021-09-12,70.0,134.0,47.0,321.0,12.0,33.0,48.0,56.0
986,2021-09-13,74.0,158.0,20.0,415.0,10.0,16.0,42.0,55.0
987,2021-09-14,47.0,146.0,34.0,273.0,4.0,25.0,47.0,31.0
988,2021-09-15,55.0,154.0,17.0,238.0,4.0,32.0,37.0,71.0
989,2021-09-16,46.0,103.0,19.0,281.0,4.0,18.0,47.0,34.0
990,2021-09-17,62.0,172.0,39.0,464.0,8.0,14.0,58.0,49.0
991,2021-09-18,95.0,290.0,25.0,396.0,1.0,17.0,47.0,77.0
992,2021-09-19,63.0,184.0,23.0,240.0,4.0,12.0,18.0,64.0
993,2021-09-20,32.0,111.0,26.0,245.0,5.0,18.0,37.0,23.0
994,2021-09-21,62.0,150.0,18.0,403.0,8.0,16.0,43.0,67.0
995,2021-09-22,69.0,154.0,43.0,446.0,1.0,15.0,50.0,35.0
996,2021-09-23,65.0,179.0,38.0,468.0,10.0,14.0,57.0,59.0
997,2021-09-24,53.0,177.0,29.0,472.0,4.0,22.0,39.0,37.0
998,2021-09-25,86.0,261.0,31.0,414.0,8.0,12.0,42.0,91.0
999,2021-09-26,66.0,225.0,17.0,270.0,0.0,20.0,23.0,64.0
1000,2021-09-27,45.0,129.0,21.0,292.0,6.0,9.0,19.0,35.0
1001,2021-09-28,45.0,111.0,27.0,379.0,2.0,27.0,46.0,21.0
1002,2021-09-29,59.0,139.0,24.0,353.0,2.0,18.0,39.0,41.0
1003,2021-09-30,69.0,160.0,49.0,440.0,7.0,14.0,52.0,48.0
1004,2021-10-01,35.0,84.0,21.0,168.0,2.0,5.0,18.0,28.0
1005,2021-10-02,28.0,82.0,32.0,146.0,6.0,20.0,29.0,32.0
1006,2021-10-03,38.0,107.0,30.0,255.0,9.0,14.0,32.0,33.0
1007,2021-10-04,34.0,82.0,6.0,97.0,0.0,11.0,28.0,18.0
1008,2021-10-05,44.0,101.0,6.0,207.0,1.0,17.0,34.0,39.0
1009,2021-10-06,72.0,201.0,16.0,511.0,12.0,22.0,64.0,45.0
1010,2021-10-07,84.0,255.0,30.0,377.0,5.0,18.0,31.0,79.0
1011,2021-10-08,51.0,128.0,7.0,293.0,8.0,20.0,31.0,44.0
1012,2021-10-09,73.0,150.0,30.0,356.0,2.0,18.0,49.0,65.0
1013,2021-10-10,66.0,212.0,12.0,331.0,8.0,10.0,28.0,60.0
1014,2021-10-11,49.0,136.0,36.0,307.0,6.0,21.0,22.0,36.0
1015,2021-10-12,54.0,133.0,27.0,204.0,9.0,22.0,59.0,32.0
1016,2021-10-13,62.0,129.0,29.0,419.0,0.0,20.0,56.0,68.0
1017,2021-10-14,67.0,162.0,40.0,439.0,3.0,23.0,51.0,49.0
1018,2021-10-15,66.0,149.0,37.0,393.0,5.0,19.0,46.0,60.0
1019,2021-10-16,74.0,274.0,18.0,489.0,7.0,25.0,56.0,81.0
1020,2021-10-17,64.0,232.0,34.0,369.0,0.0,11.0,48.0,83.0
1021,2021-10-18,54.0,116.0,37.0,318.0,2.0,26.0,57.0,23.0
1022,2021-10-19,57.0,157.0,60.0,442.0,0.0,13.0,50.0,56.0
1023,2021-10-20,52.0,113.0,35.0,287.0,4.0,10.0,48.0,47.0
1024,2021-10-21,57.0,125.0,29.0,269.0,3.0,17.0,51.0,44.0
1025,2021-10-22,83.0,195.0,54.0,524.0,12.0,18.0,69.0,55.0
1026,2021-10-23,73.0,215.0,19.0,379.0,4.0,7.0,27.0,55.0
1027,2021-10-24,70.0,231.0,11.0,375.0,0.0,25.0,28.0,59.0
1028,2021-10-25,52.0,111.0,34.0,276.0,3.0,13.0,56.0,46.0
1029,2021-10-26,43.0,104.0,26.0,262.0,5.0,12.0,29.0,30.0
1030,2021-10-27,55.0,136.0,30.0,382.0,0.0,16.0,41.0,49.0
1031,2021-10-28,58.0,155.0,50.0,421.0,8.0,19.0,39.0,62.0
1032,2021-10-29,60.0,141.0,26.0,285.0,3.0,19.0,35.0,70.0
1033,2021-10-30,42.0,194.0,7.0,151.0,2.0,11.0,20.0,29.0
1034,2021-10-31,49.0,197.0,29.0,187.0,2.0,8.0,36.0,61.0
1035,2021-11-01,32.0,102.0,25.0,240.0,0.0,13.0,35.0,39.0
1036,2021-11-02,27.0,67.0,26.0,187.0,0.0,16.0,23.0,28.0
1037,2021-11-03,31.0,64.0,19.0,167.0,0.0,16.0,13.0,22.0
1038,2021-11-04,36.0,117.0,8.0,94.0,0.0,22.0,5.0,38.0
1039,2021-11-05,44.0,95.0,11.0,227.0,0.0,13.0,28.0,37.0
1040,2021-11-06,103.0,260.0,16.0,589.0,8.0,26.0,42.0,112.0
1041,2021-11-07,78.0,238.0,19.0,344.0,4.0,17.0,38.0,72.0
1042,2021-11-08,42.0,134.0,6.0,294.0,2.0,20.0,34.0,43.0
1043,2021-11-09,89.0,239.0,35.0,400.0,6.0,13.0,52.0,67.0
1044,2021-11-10,49.0,107.0,27.0,317.0,6.0,22.0,43.0,26.0
1045,2021-11-11,40.0,115.0,19.0,215.0,4.0,12.0,32.0,50.0
1046,2021-11-12,56.0,190.0,9.0,297.0,0.0,15.0,36.0,64.0
1047,2021-11-13,61.0,190.0,31.0,209.0,3.0,8.0,26.0,63.0
1048,2021-11-14,61.0,171.0,27.0,181.0,1.0,6.0,34.0,35.0
1049,2021-11-15,45.0,113.0,59.0,219.0,3.0,14.0,50.0,56.0
1050,2021-11-16,41.0,102.0,32.0,260.0,7.0,13.0,37.0,40.0
1051,2021-11-17,37.0,104.0,49.0,252.0,0.0,20.0,33.0,37.0
1052,2021-11-18,43.0,111.0,44.0,357.0,6.0,9.0,39.0,32.0
1053,2021-11-19,54.0,156.0,64.0,394.0,2.0,35.0,49.0,46.0
1054,2021-11-20,41.0,163.0,4.0,240.0,5.0,6.0,26.0,44.0
1055,2021-11-21,47.0,136.0,16.0,111.0,2.0,15.0,24.0,30.0
1056,2021-11-22,33.0,100.0,40.0,267.0,8.0,21.0,32.0,34.0
1057,2021-11-23,55.0,116.0,20.0,298.0,4.0,14.0,33.0,29.0
1058,2021-11-24,59.0,132.0,35.0,301.0,2.0,9.0,49.0,26.0
1059,2021-11-25,47.0,101.0,49.0,175.0,2.0,23.0,41.0,29.0
1060,2021-11-26,52.0,173.0,37.0,185.0,2.0,34.0,26.0,42.0
1061,2021-11-27,57.0,176.0,13.0,119.0,0.0,6.0,38.0,63.0
1062,2021-11-28,45.0,151.0,15.0,149.0,0.0,13.0,19.0,53.0
1063,2021-11-29,32.0,89.0,28.0,276.0,9.0,6.0,52.0,27.0
1064,2021-11-30,49.0,101.0,29.0,227.0,0.0,23.0,51.0,33.0
1065,2021-12-01,48.0,118.0,43.0,146.0,6.0,22.0,50.0,26.0
1066,2021-12-02,35.0,79.0,18.0,169.0,3.0,5.0,28.0,41.0
1067,2021-12-03,37.0,90.0,24.0,217.0,2.0,12.0,35.0,25.0
1068,2021-12-04,40.0,69.0,17.0,216.0,0.0,12.0,40.0,24.0
1069,2021-12-05,44.0,137.0,15.0,293.0,2.0,12.0,26.0,33.0
1070,2021-12-06,102.0,283.0,33.0,455.0,11.0,9.0,59.0,100.0
1071,2021-12-07,43.0,161.0,12.0,180.0,7.0,18.0,17.0,60.0
1072,2021-12-08,71.0,162.0,16.0,355.0,20.0,8.0,13.0,47.0
1073,2021-12-09,73.0,245.0,29.0,388.0,7.0,8.0,36.0,76.0
1074,2021-12-10,55.0,134.0,47.0,417.0,2.0,14.0,59.0,53.0
1075,2021-12-11,56.0,160.0,27.0,272.0,2.0,4.0,39.0,71.0
1076,2021-12-12,51.0,133.0,14.0,180.0,9.0,20.0,29.0,32.0
1077,2021-12-13,53.0,148.0,48.0,291.0,3.0,29.0,51.0,55.0
1078,2021-12-14,31.0,98.0,62.0,261.0,2.0,10.0,31.0,19.0
1079,2021-12-15,51.0,112.0,37.0,271.0,6.0,18.0,41.0,52.0
1080,2021-12-16,50.0,109.0,35.0,285.0,9.0,7.0,40.0,35.0
1081,2021-12-17,62.0,173.0,31.0,422.0,2.0,32.0,55.0,74.0
1082,2021-12-18,48.0,197.0,23.0,327.0,12.0,37.0,44.0,32.0
1083,2021-12-19,45.0,173.0,14.0,229.0,0.0,9.0,12.0,48.0
1084,2021-12-20,39.0,94.0,32.0,211.0,0.0,1.0,27.0,44.0
1085,2021-12-21,55.0,115.0,29.0,313.0,7.0,27.0,42.0,43.0
1086,2021-12-22,49.0,111.0,32.0,286.0,3.0,12.0,23.0,57.0
1087,2021-12-23,57.0,135.0,41.0,288.0,0.0,21.0,27.0,56.0
1088,2021-12-24,31.0,120.0,24.0,122.0,6.0,14.0,32.0,40.0
1089,2021-12-25,51.0,139.0,7.0,117.0,3.0,4.0,28.0,30.0
1090,2021-12-26,30.0,132.0,12.0,107.0,5.0,15.0,17.0,28.0
1091,2021-12-27,29.0,115.0,11.0,98.0,0.0,14.0,19.0,29.0
1092,2021-12-28,37.0,106.0,16.0,130.0,4.0,12.0,13.0,30.0
1093,2021-12-29,23.0,94.0,35.0,65.0,0.0,11.0,22.0,18.0
1094,2021-12-30,50.0,130.0,21.0,226.0,0.0,20.0,29.0,65.0
1095,2021-12-31,30.0,138.0,21.0,232.0,0.0,3.0,39.0,40.0
1096,2022-01-01,,141.5,13.5,158.5,2.0,10.5,17.5,44.5
1097,2022-01-02,,109.5,21.0,159.0,7.5,19.0,36.5,48.5
1098,2022-01-03,,95.0,18.0,253.0,1.5,9.0,39.5,46.5
1099,2022-01-04,,115.0,13.0,335.0,8.0,7.0,40.5,41.0
1100,2022-01-05,,158.5,17.5,207.5,4.0,5.0,19.0,54.0
1101,2022-01-06,,200.5,28.5,416.0,6.5,8.0,40.5,81.5
1102,2022-01-07,,174.5,18.0,417.5,1.0,16.0,49.0,59.0
1103,2022-01-08,,174.5,20.5,314.5,3.0,12.5,19.5,63.0
1104,2022-01-09,,165.0,19.5,320.0,5.0,27.0,25.0,67.0
1105,2022-01-10,,143.5,25.5,261.5,5.0,25.5,41.0,43.5
1106,2022-01-11,,163.5,32.5,124.0,2.0,9.5,25.0,53.0
1107,2022-01-12,,140.0,29.0,168.5,3.0,18.0,33.0,35.0
1108,2022-01-13,,114.0,17.0,128.5,2.5,8.5,24.0,51.0
1109,2022-01-14,,98.0,26.0,198.5,4.5,14.0,34.0,33.0
1110,2022-01-15,,122.5,31.0,288.0,0.0,11.0,52.5,46.5
1111,2022-01-16,,117.0,35.0,189.0,5.0,11.0,29.5,24.0
1112,2022-01-17,,93.5,21.0,160.0,1.5,20.0,34.5,29.0
1113,2022-01-18,,136.0,38.0,302.0,5.0,19.5,44.0,41.0
1114,2022-01-19,,133.0,28.5,215.0,4.5,16.5,27.5,41.5
1115,2022-01-20,,102.5,17.0,173.0,0.0,5.0,23.5,29.0
1116,2022-01-21,,90.5,47.0,190.5,4.5,15.5,22.5,33.5
1117,2022-01-22,,105.0,52.5,160.0,1.0,11.5,28.0,35.0
1118,2022-01-23,,114.5,24.5,130.0,0.0,7.5,30.0,40.5
1119,2022-01-24,,131.0,36.5,172.0,1.0,5.5,18.5,46.0
1120,2022-01-25,,106.5,32.5,203.0,3.0,17.5,33.5,33.0
1121,2022-01-26,,137.0,29.5,204.5,3.5,20.0,26.0,47.5
1122,2022-01-27,,103.0,20.0,103.0,2.5,10.5,26.0,28.0
1123,2022-01-28,,84.5,20.5,165.0,3.5,12.0,30.0,39.5
1124,2022-01-29,,92.5,28.5,193.0,5.0,15.5,31.5,31.5
1125,2022-01-30,,124.0,28.5,130.0,4.0,17.0,20.5,30.0
1126,2022-01-31,,101.0,24.5,121.5,2.5,7.5,21.0,38.0
1127,2022-02-01,,104.0,15.5,175.5,3.0,7.5,15.5,38.5
1128,2022-02-02,,113.5,12.0,119.5,3.0,6.5,26.0,38.0
1129,2022-02-03,,114.0,11.0,232.5,5.0,4.0,32.0,34.0
1130,2022-02-04,,135.5,16.0,325.5,3.0,20.0,36.5,46.5
1131,2022-02-05,,116.5,15.5,249.0,4.5,12.5,31.0,29.0
1132,2022-02-06,,198.5,21.5,374.0,5.0,15.0,37.5,66.5
1133,2022-02-07,,176.5,13.5,450.5,9.5,17.0,39.0,79.0
1134,2022-02-08,,189.5,11.5,372.5,7.0,12.0,19.0,77.0
1135,2022-02-09,,135.0,15.5,338.5,2.5,14.5,42.5,57.0
1136,2022-02-10,,185.0,27.5,288.5,4.5,14.0,42.5,56.5
1137,2022-02-11,,166.0,21.5,194.0,3.5,18.0,33.0,54.5
1138,2022-02-12,,117.5,42.0,298.5,4.5,15.5,32.5,33.5
1139,2022-02-13,,124.5,6.0,268.5,3.5,5.0,35.5,51.5
1140,2022-02-14,,111.5,14.0,243.5,4.5,8.5,23.0,40.5
1141,2022-02-15,,146.5,31.0,313.5,6.5,15.5,28.5,46.5
1142,2022-02-16,,162.5,28.5,288.0,1.0,16.0,27.5,48.0
1143,2022-02-17,,147.5,29.5,262.5,0.0,12.0,22.0,47.0
1144,2022-02-18,,101.5,10.5,237.5,1.5,19.0,27.0,43.5
1145,2022-02-19,,100.5,22.0,301.5,4.5,14.5,28.0,44.5
1146,2022-02-20,,133.0,24.0,283.5,7.0,5.5,35.5,53.0
1147,2022-02-21,,137.0,18.0,259.5,3.5,8.5,27.0,59.0
1148,2022-02-22,,120.0,24.5,258.5,1.5,12.0,31.5,42.5
1149,2022-02-23,,163.5,21.0,310.5,4.0,11.5,33.0,42.5
1150,2022-02-24,,134.0,12.5,287.0,10.0,12.0,31.5,50.0
1151,2022-02-25,,116.5,19.5,327.0,5.0,20.0,35.0,37.0
1152,2022-02-26,,129.5,26.0,321.0,5.0,14.5,36.0,37.0
1153,2022-02-27,,168.0,26.0,328.5,9.5,20.5,30.0,48.0
1154,2022-02-28,,136.0,20.0,270.0,6.5,18.5,29.0,41.5
1155,2022-03-01,,105.0,10.0,158.5,3.0,10.0,19.0,24.5
1156,2022-03-02,,112.0,30.0,165.0,6.0,18.5,22.0,35.5
1157,2022-03-03,,118.5,24.0,227.5,4.5,12.5,27.0,30.0
1158,2022-03-04,,150.5,13.5,242.0,5.5,22.0,32.5,48.5
1159,2022-03-05,,126.0,13.5,302.5,8.0,14.5,37.0,36.0
1160,2022-03-06,,116.5,20.5,303.0,3.0,5.0,43.0,48.0
1161,2022-03-07,,225.0,27.0,400.5,5.5,13.0,53.0,64.5
1162,2022-03-08,,165.0,22.5,263.0,4.0,12.5,25.5,52.5
1163,2022-03-09,,152.0,24.0,374.5,3.0,20.5,45.0,63.5
1164,2022-03-10,,117.5,14.5,242.0,4.0,9.5,37.0,41.0
1165,2022-03-11,,149.5,34.5,147.5,2.5,19.5,43.5,46.5
1166,2022-03-12,,148.5,47.5,265.0,6.0,30.5,40.0,50.5
1167,2022-03-13,,132.0,14.0,189.5,3.5,5.5,22.5,37.5
1168,2022-03-14,,121.0,17.0,155.5,1.0,12.0,27.0,29.5
1169,2022-03-15,,112.0,17.5,219.5,2.0,8.0,23.5,41.0
1170,2022-03-16,,138.5,26.0,249.0,1.0,10.5,38.5,48.5
1171,2022-03-17,,136.5,19.0,198.5,2.0,12.5,28.5,39.0
1172,2022-03-18,,77.5,8.5,221.0,2.0,6.0,16.5,29.0
1173,2022-03-19,,94.0,11.5,297.0,6.0,10.0,30.5,37.5
1174,2022-03-20,,129.0,19.0,294.0,5.0,8.5,22.0,40.0
1175,2022-03-21,,119.5,15.0,278.0,3.0,10.5,25.0,36.0
1176,2022-03-22,,143.5,17.5,315.5,4.0,12.0,36.0,36.0
1177,2022-03-23,,185.0,28.5,364.0,3.0,22.0,34.5,60.5
1178,2022-03-24,,155.0,16.0,305.5,5.0,7.0,27.0,48.5
1179,2022-03-25,,111.0,17.0,289.0,2.5,18.5,31.0,39.0
1180,2022-03-26,,122.5,22.0,311.0,7.5,15.5,33.0,37.5
1181,2022-03-27,,161.0,15.0,337.5,9.5,20.0,37.0,56.0
1182,2022-03-28,,143.0,19.5,318.5,7.5,17.0,29.0,61.5
1183,2022-03-29,,143.0,17.5,365.5,6.5,20.5,41.5,41.5
1184,2022-03-30,,159.0,14.0,327.0,3.0,14.5,38.5,55.0
1185,2022-03-31,,214.5,29.5,374.0,5.0,15.5,36.0,73.0
1186,2022-04-01,,117.0,31.0,202.5,4.5,13.5,19.5,30.5
1187,2022-04-02,,81.0,32.0,189.5,1.0,19.0,36.5,28.0
1188,2022-04-03,,84.5,17.0,162.5,8.0,10.5,29.0,21.0
1189,2022-04-04,,146.5,12.5,304.0,6.0,15.5,29.0,48.5
1190,2022-04-05,,127.0,17.5,192.5,3.5,18.5,39.0,43.5
1191,2022-04-06,,150.0,15.5,289.0,10.5,18.0,37.0,52.0
1192,2022-04-07,,195.5,22.5,347.0,5.0,19.5,29.5,56.0
1193,2022-04-08,,160.0,14.5,223.5,5.0,11.0,18.5,60.5
1194,2022-04-09,,175.5,29.0,366.5,2.5,13.0,39.5,56.5
1195,2022-04-10,,149.0,17.0,286.0,4.5,13.0,38.5,52.5
1196,2022-04-11,,118.0,40.5,206.0,2.5,15.0,45.0,31.5
1197,2022-04-12,,189.5,42.5,239.0,9.0,14.5,36.5,64.0
1198,2022-04-13,,155.5,24.5,305.5,7.5,12.0,35.5,47.5
1199,2022-04-14,,145.0,14.0,267.0,1.0,10.5,23.5,35.0
1200,2022-04-15,,110.0,13.5,292.5,2.0,10.5,34.0,26.5
1201,2022-04-16,,109.5,15.0,262.5,6.0,15.5,32.5,35.0
1202,2022-04-17,,123.0,14.0,291.0,1.0,8.5,28.0,52.5
1203,2022-04-18,,127.5,11.5,285.0,7.0,14.0,30.5,44.0
1204,2022-04-19,,146.0,17.5,347.5,6.0,15.0,26.0,68.5
1205,2022-04-20,,184.5,16.0,334.5,8.5,15.0,35.5,66.0
1206,2022-04-21,,152.0,13.5,257.0,0.0,14.5,34.0,38.0
1207,2022-04-22,,154.0,12.5,262.0,1.5,13.5,26.0,41.5
1208,2022-04-23,,138.0,12.0,317.5,6.5,15.0,37.5,48.5
1209,2022-04-24,,155.0,9.0,259.0,3.5,10.5,37.0,58.5
1210,2022-04-25,,123.0,9.0,201.0,1.0,11.0,33.5,42.0
1211,2022-04-26,,127.5,12.0,281.0,9.5,19.0,40.0,36.0
1212,2022-04-27,,119.5,7.0,209.0,2.0,9.0,30.0,46.0
1213,2022-04-28,,133.0,14.5,187.5,5.5,8.5,23.0,44.5
1214,2022-04-29,,98.5,8.0,238.5,5.0,17.5,30.5,21.5
1215,2022-04-30,,123.0,13.5,306.5,2.5,11.0,39.0,30.0
1216,2022-05-01,,113.5,37.0,186.5,4.5,9.0,21.0,23.5
1217,2022-05-02,,98.5,21.5,219.5,4.0,11.0,34.5,33.5
1218,2022-05-03,,111.0,18.5,273.0,1.5,12.5,36.0,37.0
1219,2022-05-04,,120.5,10.0,262.0,3.0,13.0,28.5,40.5
1220,2022-05-05,,127.5,22.5,239.5,0.5,3.0,42.0,37.0
1221,2022-05-06,,178.0,23.5,287.0,2.5,14.5,36.0,60.0
1222,2022-05-07,,182.0,21.5,389.5,4.0,25.0,46.0,64.5
1223,2022-05-08,,141.5,13.5,294.5,2.5,6.0,29.5,43.0
1224,2022-05-09,,181.0,16.5,352.5,5.5,12.5,38.5,58.0
1225,2022-05-10,,181.0,29.5,236.5,6.0,14.5,34.0,57.0
1226,2022-05-11,,145.0,37.5,314.5,9.5,17.5,48.0,56.5
1227,2022-05-12,,146.0,18.0,195.5,2.0,14.5,31.5,42.5
1228,2022-05-13,,155.0,20.5,297.5,1.0,18.0,31.0,62.0
1229,2022-05-14,,130.5,14.0,307.5,3.0,18.0,36.5,41.5
1230,2022-05-15,,131.0,15.0,244.0,2.5,12.0,33.0,44.0
1231,2022-05-16,,129.5,14.5,227.0,3.0,8.0,23.0,38.0
1232,2022-05-17,,121.5,18.5,207.5,4.0,11.5,39.5,42.0
1233,2022-05-18,,148.0,25.0,247.0,1.5,10.5,29.0,47.5
1234,2022-05-19,,158.5,16.0,227.5,7.0,24.0,28.0,42.5
1235,2022-05-20,,124.5,22.5,284.0,3.0,14.5,30.0,38.5
1236,2022-05-21,,132.5,16.0,297.5,2.5,10.5,43.0,46.5
1237,2022-05-22,,173.5,22.5,322.5,6.5,14.5,35.5,47.5
1238,2022-05-23,,178.5,19.0,345.5,2.5,7.5,46.0,70.0
1239,2022-05-24,,144.0,24.0,263.5,4.5,17.0,30.5,50.5
1240,2022-05-25,,174.5,21.0,324.5,2.0,18.0,48.0,57.0
1241,2022-05-26,,182.5,22.5,312.5,3.0,16.5,27.5,58.0
1242,2022-05-27,,158.5,17.0,369.5,1.0,12.5,56.0,44.5
1243,2022-05-28,,148.0,19.0,366.5,4.5,18.5,47.0,55.5
1244,2022-05-29,,208.0,22.5,431.0,11.0,8.0,37.5,68.5
1245,2022-05-30,,239.0,21.5,376.0,5.0,19.0,32.0,89.0
1246,2022-05-31,,185.5,14.0,412.5,1.5,18.5,33.5,50.0
1247,2022-06-01,,106.5,20.5,167.0,2.0,15.0,18.5,29.0
1248,2022-06-02,,116.0,34.0,147.0,0.0,14.5,30.5,43.0
1249,2022-06-03,,125.0,27.0,217.5,5.0,8.0,25.5,40.0
1250,2022-06-04,,136.5,18.0,233.0,2.0,14.0,34.5,45.5
1251,2022-06-05,,108.5,15.0,248.0,6.5,9.0,32.5,50.5
1252,2022-06-06,,189.5,24.5,369.5,3.5,11.5,30.5,72.5
1253,2022-06-07,,220.0,32.0,388.5,5.5,11.5,41.5,72.5
1254,2022-06-08,,153.0,17.5,298.5,6.5,15.5,28.0,52.5
1255,2022-06-09,,166.5,27.5,439.5,6.5,20.0,36.0,57.0
1256,2022-06-10,,177.5,36.0,302.5,3.0,11.0,47.5,72.0
1257,2022-06-11,,141.0,28.5,275.5,6.5,11.5,35.0,37.5
1258,2022-06-12,,142.5,43.0,201.5,2.5,20.0,35.0,52.0
1259,2022-06-13,,213.5,30.0,393.0,8.0,14.5,45.5,60.0
1260,2022-06-14,,173.5,17.0,400.0,7.5,18.0,37.5,55.5
1261,2022-06-15,,192.5,26.5,402.0,7.0,14.5,38.0,66.5
1262,2022-06-16,,263.5,19.0,466.0,4.0,15.5,37.5,84.0
1263,2022-06-17,,149.5,18.0,358.0,2.5,12.5,49.0,47.5
1264,2022-06-18,,163.5,20.5,429.0,4.5,17.5,48.5,47.5
1265,2022-06-19,,180.0,12.5,322.0,4.0,7.5,32.0,66.0
1266,2022-06-20,,161.5,21.0,270.0,7.0,14.5,34.0,44.0
1267,2022-06-21,,178.5,15.0,402.5,12.0,18.0,48.5,53.0
1268,2022-06-22,,213.0,35.0,339.5,8.5,10.5,51.5,84.0
1269,2022-06-23,,171.0,19.5,307.0,3.0,12.5,29.0,54.5
1270,2022-06-24,,161.0,9.5,373.0,9.0,10.0,55.0,55.0
1271,2022-06-25,,143.0,21.0,388.0,4.5,15.0,40.5,54.5
1272,2022-06-26,,214.5,20.0,362.0,12.0,13.5,51.0,74.5
1273,2022-06-27,,186.5,25.5,341.5,5.0,17.5,52.0,81.5
1274,2022-06-28,,190.5,15.0,394.0,4.0,16.0,31.5,65.5
1275,2022-06-29,,200.5,19.5,341.0,1.5,16.0,38.0,56.0
1276,2022-06-30,,220.0,18.0,358.5,4.0,18.0,25.0,68.5
1277,2022-07-01,,95.5,20.5,189.0,4.0,14.5,31.5,27.5
1278,2022-07-02,,118.5,24.5,194.5,4.0,11.5,20.5,32.0
1279,2022-07-03,,136.0,24.0,250.0,7.0,14.5,34.5,44.5
1280,2022-07-04,,119.0,22.0,221.0,1.0,8.5,25.0,38.5
1281,2022-07-05,,148.0,21.5,369.0,8.0,13.5,43.5,45.5
1282,2022-07-06,,173.0,14.0,357.5,7.0,17.0,39.0,57.5
1283,2022-07-07,,220.0,30.0,374.5,1.0,24.0,35.0,74.5
1284,2022-07-08,,175.0,22.5,278.5,4.5,15.5,34.5,67.5
1285,2022-07-09,,212.0,20.0,431.0,3.5,25.0,35.5,73.0
1286,2022-07-10,,114.5,23.0,317.0,3.5,13.5,36.5,35.0
1287,2022-07-11,,140.5,24.0,229.0,2.5,16.5,34.0,42.5
1288,2022-07-12,,147.5,24.5,216.0,5.5,18.0,28.0,46.0
1289,2022-07-13,,208.0,20.5,280.5,2.5,10.5,30.5,57.0
1290,2022-07-14,,217.0,31.0,304.0,3.5,21.0,33.5,72.0
1291,2022-07-15,,142.5,20.5,340.0,4.5,27.5,39.0,60.0
1292,2022-07-16,,181.5,14.0,390.0,4.0,18.5,39.5,56.0
1293,2022-07-17,,226.0,17.5,402.5,2.0,17.5,35.0,71.0
1294,2022-07-18,,199.5,15.0,371.5,5.5,10.5,37.0,71.5
1295,2022-07-19,,188.0,15.0,411.5,2.0,9.0,52.5,58.0
1296,2022-07-20,,213.5,24.0,405.0,8.5,22.0,37.0,71.0
1297,2022-07-21,,194.5,20.0,345.5,2.0,12.0,35.0,91.5
1298,2022-07-22,,122.5,20.0,327.0,2.0,14.0,45.5,45.5
1299,2022-07-23,,166.5,7.0,347.5,10.5,14.0,36.5,59.5
1300,2022-07-24,,227.5,14.5,345.0,4.5,15.0,27.0,84.0
1301,2022-07-25,,201.5,20.0,305.5,6.0,18.0,34.0,74.0
1302,2022-07-26,,152.5,11.5,300.5,4.0,15.0,24.0,77.0
1303,2022-07-27,,183.0,16.5,231.5,8.5,19.0,24.5,65.0
1304,2022-07-28,,142.0,16.5,257.5,1.5,13.0,33.5,56.0
1305,2022-07-29,,170.5,15.0,363.0,5.5,14.0,45.5,57.0
1306,2022-07-30,,157.0,26.0,346.5,4.5,19.5,29.0,65.5
1307,2022-07-31,,166.5,17.5,296.5,8.5,15.0,19.0,54.0
1308,2022-08-01,,110.5,37.5,269.5,5.5,4.5,31.5,34.0
1309,2022-08-02,,115.0,31.5,201.0,2.0,18.0,24.0,40.5
1310,2022-08-03,,99.5,15.5,282.0,4.5,10.0,35.0,33.5
1311,2022-08-04,,103.0,9.5,273.5,1.5,14.5,36.0,44.5
1312,2022-08-05,,200.0,13.5,207.5,3.0,13.0,16.0,63.5
1313,2022-08-06,,196.5,12.0,393.5,8.5,13.0,57.5,55.5
1314,2022-08-07,,136.0,9.0,355.0,2.5,17.5,47.0,47.0
1315,2022-08-08,,166.0,20.0,276.5,3.0,7.5,33.0,63.5
1316,2022-08-09,,191.0,30.5,352.5,4.0,20.5,37.0,71.0
1317,2022-08-10,,144.0,32.5,328.5,4.0,19.0,46.5,45.0
1318,2022-08-11,,134.5,55.5,328.5,9.5,19.5,34.0,52.0
1319,2022-08-12,,159.5,32.0,202.0,1.0,22.0,35.0,43.0
1320,2022-08-13,,190.0,22.0,335.0,7.0,21.0,33.0,72.0
1321,2022-08-14,,182.5,18.0,330.0,7.5,9.5,31.0,76.5
1322,2022-08-15,,167.5,13.0,235.5,2.5,11.0,25.5,70.5
1323,2022-08-16,,154.5,13.5,293.5,7.0,18.0,20.5,60.5
1324,2022-08-17,,188.5,22.5,234.5,6.0,17.0,24.5,53.5
1325,2022-08-18,,166.5,19.0,245.0,4.0,23.0,21.0,47.0
1326,2022-08-19,,131.0,18.0,260.5,2.0,13.0,29.5,63.0
1327,2022-08-20,,158.0,17.5,337.5,3.0,14.5,33.5,66.0
1328,2022-08-21,,183.5,9.5,302.0,2.0,12.0,19.0,66.0
1329,2022-08-22,,182.5,12.5,299.5,5.5,14.5,22.0,84.5
1330,2022-08-23,,134.5,17.5,299.0,1.5,13.0,22.0,71.5
1331,2022-08-24,,168.0,11.0,309.0,7.0,7.5,34.5,64.5
1332,2022-08-25,,200.0,21.5,370.0,4.0,20.5,29.5,70.5
1333,2022-08-26,,126.0,18.0,294.0,3.5,12.5,25.5,43.0
1334,2022-08-27,,185.0,19.5,383.5,4.0,29.0,42.5,54.5
1335,2022-08-28,,195.5,22.0,343.5,5.0,14.0,27.5,56.5
1336,2022-08-29,,191.5,21.5,322.5,1.0,12.0,44.5,69.5
1337,2022-08-30,,152.5,19.5,357.5,4.5,23.0,32.0,69.5
1338,2022-08-31,,227.0,20.0,406.0,14.5,10.5,39.0,92.0
1339,2022-09-01,,115.0,18.5,217.0,1.0,19.5,21.5,42.0
1340,2022-09-02,,127.0,22.0,210.0,5.0,11.0,23.5,46.5
1341,2022-09-03,,123.5,10.5,236.5,0.5,13.5,30.5,49.0
1342,2022-09-04,,85.0,15.0,225.0,2.5,8.5,17.0,35.5
1343,2022-09-05,,152.0,11.5,236.0,2.5,10.5,30.0,48.0
1344,2022-09-06,,235.5,22.0,410.0,1.5,17.0,34.5,76.0
1345,2022-09-07,,164.0,17.0,417.5,6.0,20.5,53.5,54.0
1346,2022-09-08,,165.5,13.5,302.0,4.0,8.5,28.5,88.5
1347,2022-09-09,,109.5,16.0,299.0,4.5,15.0,33.5,27.5
1348,2022-09-10,,205.5,42.0,401.0,3.5,23.0,37.0,63.5
1349,2022-09-11,,169.0,38.0,298.0,6.0,20.5,32.5,48.5
1350,2022-09-12,,129.5,46.5,270.0,8.0,30.5,39.0,54.5
1351,2022-09-13,,170.0,22.5,445.0,11.0,17.0,36.0,76.5
1352,2022-09-14,,205.5,31.5,344.5,3.0,26.0,37.0,60.0
1353,2022-09-15,,211.0,20.5,320.0,5.0,28.0,34.5,83.0
1354,2022-09-16,,116.0,19.0,333.0,4.0,17.0,38.5,37.5
1355,2022-09-17,,147.5,32.5,404.5,8.5,12.5,48.5,47.5
1356,2022-09-18,,206.5,34.5,391.0,3.5,15.5,44.5,62.0
1357,2022-09-19,,170.0,27.5,319.0,7.0,14.0,31.0,53.0
1358,2022-09-20,,158.5,29.0,358.0,4.5,20.5,37.0,46.5
1359,2022-09-21,,175.5,20.5,359.0,7.0,13.5,37.0,70.0
1360,2022-09-22,,176.0,33.5,315.0,3.5,12.0,39.0,39.5
1361,2022-09-23,,150.0,34.5,390.0,6.0,12.5,53.5,41.5
1362,2022-09-24,,137.5,25.5,321.5,7.0,18.0,42.5,36.5
1363,2022-09-25,,205.5,35.0,304.5,9.0,17.5,40.5,74.5
1364,2022-09-26,,157.5,17.0,249.0,0.0,17.5,25.5,59.0
1365,2022-09-27,,140.0,23.0,296.5,7.5,10.0,25.5,43.5
1366,2022-09-28,,176.5,22.5,373.0,3.5,22.5,42.5,56.0
1367,2022-09-29,,173.5,24.0,282.0,5.0,13.0,41.5,49.5
1368,2022-09-30,,137.5,44.5,399.0,6.0,20.5,44.0,48.5
1369,2022-10-01,,102.0,28.0,220.0,1.0,6.0,26.5,30.0
1370,2022-10-02,,126.5,21.0,131.0,3.5,13.5,24.0,36.5
1371,2022-10-03,,140.5,27.0,219.5,6.5,9.5,26.0,34.5
1372,2022-10-04,,106.0,10.5,183.0,3.0,9.5,38.5,33.0
1373,2022-10-05,,115.0,11.0,240.5,2.5,19.0,40.5,37.0
1374,2022-10-06,,173.0,16.0,342.5,6.0,13.0,42.0,46.5
1375,2022-10-07,,215.5,22.5,392.0,7.5,16.5,42.0,72.0
1376,2022-10-08,,178.5,19.5,298.0,5.0,15.0,22.5,64.0
1377,2022-10-09,,131.5,21.5,338.0,2.0,18.0,44.0,47.5
1378,2022-10-10,,185.5,22.0,348.5,4.5,17.5,35.0,57.5
1379,2022-10-11,,154.0,26.0,232.5,4.5,13.5,20.5,53.0
1380,2022-10-12,,137.5,44.5,279.5,6.5,27.0,42.0,53.5
1381,2022-10-13,,166.5,27.5,373.5,4.0,15.5,38.5,77.5
1382,2022-10-14,,133.5,29.0,352.5,4.5,17.5,33.5,56.5
1383,2022-10-15,,146.0,42.0,289.5,11.5,13.5,43.5,54.5
1384,2022-10-16,,202.5,32.5,324.0,10.5,20.5,34.0,59.5
1385,2022-10-17,,183.0,34.0,283.0,2.0,9.5,40.5,63.5
1386,2022-10-18,,136.0,36.5,302.0,3.5,28.0,46.5,42.0
1387,2022-10-19,,181.0,34.0,327.5,0.0,16.5,38.5,50.0
1388,2022-10-20,,191.5,23.0,210.5,4.0,10.5,46.0,56.5
1389,2022-10-21,,115.0,31.5,233.5,5.5,16.5,33.5,44.0
1390,2022-10-22,,150.5,39.5,386.5,9.0,14.5,49.0,52.0
1391,2022-10-23,,144.5,24.5,287.5,3.5,9.0,27.5,48.5
1392,2022-10-24,,187.0,29.5,345.5,2.0,15.0,26.5,48.5
1393,2022-10-25,,147.5,36.0,317.0,1.5,20.0,51.5,64.5
1394,2022-10-26,,176.5,23.5,351.5,9.0,14.5,39.5,62.0
1395,2022-10-27,,173.5,17.5,303.0,4.5,15.0,40.0,51.5
1396,2022-10-28,,144.0,43.0,312.5,6.5,20.0,30.0,64.0
1397,2022-10-29,,125.5,21.0,253.0,4.0,15.5,36.5,60.5
1398,2022-10-30,,155.0,12.0,188.5,1.0,11.5,28.5,37.0
1399,2022-10-31,,175.0,34.0,202.0,2.0,12.5,36.5,58.5
1400,2022-11-01,,128.5,25.5,248.0,4.5,22.0,43.0,46.5
1401,2022-11-02,,77.0,25.5,212.5,0.5,11.0,30.0,33.5
1402,2022-11-03,,87.0,14.5,205.5,0.0,14.0,15.5,27.0
1403,2022-11-04,,123.5,16.0,200.5,3.0,21.0,27.0,39.5
1404,2022-11-05,,147.5,17.0,227.5,6.5,17.0,29.0,47.0
1405,2022-11-06,,181.5,14.0,388.5,5.0,21.5,44.5,68.5
1406,2022-11-07,,195.0,21.0,366.0,2.0,17.0,43.0,62.0
1407,2022-11-08,,162.0,13.5,277.5,4.5,14.0,34.0,50.0
1408,2022-11-09,,184.5,30.0,397.0,3.0,13.5,43.5,67.5
1409,2022-11-10,,157.0,35.5,390.5,14.0,18.0,54.0,45.0
1410,2022-11-11,,117.5,21.0,171.5,4.0,10.5,31.5,40.0
1411,2022-11-12,,155.5,18.0,226.0,1.0,13.5,31.5,51.0
1412,2022-11-13,,145.5,26.5,226.5,7.0,5.5,29.5,49.5
1413,2022-11-14,,135.5,24.0,187.0,2.5,7.0,30.5,35.5
1414,2022-11-15,,150.0,53.0,195.5,2.5,24.5,42.0,47.5
1415,2022-11-16,,132.5,20.0,234.5,5.0,11.5,27.0,46.0
1416,2022-11-17,,112.0,28.0,218.0,0.5,16.0,21.0,38.0
1417,2022-11-18,,114.0,38.5,294.5,5.5,20.5,35.0,29.5
1418,2022-11-19,,144.5,48.0,359.5,3.0,23.0,48.5,39.5
1419,2022-11-20,,126.0,25.5,256.0,4.0,5.5,29.5,34.0
1420,2022-11-21,,139.5,33.5,174.0,1.0,11.0,23.5,41.5
1421,2022-11-22,,147.5,39.5,299.0,10.5,19.0,35.5,61.5
1422,2022-11-23,,142.5,17.5,211.0,2.5,15.0,33.0,53.5
1423,2022-11-24,,152.0,34.5,254.5,1.0,7.0,29.5,46.0
1424,2022-11-25,,128.5,42.5,225.5,5.0,23.5,35.0,41.5
1425,2022-11-26,,122.5,29.5,209.0,2.0,20.5,25.0,43.5
1426,2022-11-27,,161.0,22.5,151.5,3.5,8.0,39.0,47.0
1427,2022-11-28,,127.0,20.0,176.5,1.0,10.5,21.0,44.0
1428,2022-11-29,,131.0,36.5,287.0,7.5,19.5,42.0,43.0
1429,2022-11-30,,138.5,24.0,256.5,1.0,18.5,45.0,32.0
1430,2022-12-01,,151.5,27.5,152.0,3.5,18.0,32.5,44.0
1431,2022-12-02,,102.0,22.5,239.0,6.0,9.5,24.0,39.0
1432,2022-12-03,,93.5,24.5,216.5,3.0,9.0,28.5,26.5
1433,2022-12-04,,117.0,19.0,303.0,1.0,17.0,43.0,42.5
1434,2022-12-05,,183.0,13.0,294.0,3.0,16.5,33.5,54.5
1435,2022-12-06,,214.0,27.5,363.5,5.5,9.0,50.0,66.5
1436,2022-12-07,,191.5,15.5,321.5,9.0,25.5,29.0,76.5
1437,2022-12-08,,141.0,9.0,288.5,15.0,7.5,20.5,43.0
1438,2022-12-09,,202.5,25.0,386.5,8.0,8.5,37.0,61.5
1439,2022-12-10,,166.5,27.5,359.5,3.0,13.0,42.5,50.0
1440,2022-12-11,,139.0,27.0,266.0,4.0,10.5,36.5,63.5
1441,2022-12-12,,137.5,25.5,168.5,4.5,21.5,48.5,39.5
1442,2022-12-13,,150.5,49.0,232.5,6.5,22.0,45.5,55.0
1443,2022-12-14,,153.5,35.5,233.5,3.0,12.5,29.0,30.0
1444,2022-12-15,,163.5,26.0,257.5,5.5,21.0,36.5,51.0
1445,2022-12-16,,122.0,44.0,243.0,9.5,15.5,34.5,35.0
1446,2022-12-17,,143.0,35.0,329.5,2.0,24.5,47.0,66.5
1447,2022-12-18,,159.0,28.0,348.5,8.5,20.5,35.5,34.5
1448,2022-12-19,,148.0,18.0,258.0,1.0,11.5,23.0,44.0
1449,2022-12-20,,157.5,45.5,224.5,5.5,14.5,30.0,58.0
1450,2022-12-21,,152.0,19.5,257.0,3.5,24.0,35.0,48.0
1451,2022-12-22,,130.0,21.0,204.0,4.0,14.0,22.0,47.5
1452,2022-12-23,,165.5,30.5,295.0,5.0,24.0,25.0,60.0
1453,2022-12-24,,148.0,19.0,192.5,3.0,9.0,31.0,47.5
1454,2022-12-25,,134.5,11.5,136.0,1.5,5.0,21.0,37.0
1455,2022-12-26,,131.0,9.5,156.0,2.5,13.5,16.0,44.0
1456,2022-12-27,,120.0,10.5,153.0,0.0,8.0,21.0,35.0
1457,2022-12-28,,149.5,20.5,197.5,2.0,7.5,13.5,28.5
1458,2022-12-29,,129.0,24.0,150.5,0.0,11.5,22.5,34.5
1459,2022-12-30,,120.5,24.5,227.0,0.0,14.5,25.0,55.5
1460,2022-12-31,,135.0,21.5,219.0,2.0,7.0,31.0,38.0
